phase,block_index,run_index,schedule_position,model,iterations,implementation,workers,simulation_seed,compile_time_seconds,execution_time_seconds,total_time_seconds,result_mean,result_variance,valid_rate,discard_rate,valid_count
warmup,1,1,1,uniform_mean,100000,python_reference,,101,0.0,1.2418384000011429,1.2418384000011429,5.004186247001891,8.336732359424765,1.0,0.0,100000
warmup,1,1,2,uniform_mean,100000,numpy_native,,101,0.0,0.6407703000004403,0.6407703000004403,5.004186247001897,8.336732359424687,1.0,0.0,100000
warmup,1,1,3,uniform_mean,100000,dsl_full_w1,1,101,0.003883900000801077,3.5530507000003126,3.572874800000136,5.006012338679771,8.377145509510433,1.0,0.0,100000
warmup,1,1,4,uniform_mean,100000,dsl_full_w2,2,101,0.002768300000752788,2.0121282000000065,2.0192893000021286,5.006012338679771,8.377145509510433,1.0,0.0,100000
warmup,2,2,1,normal_mean,1000000,python_reference,,101,0.0,4.314387699996587,4.314387699996587,9.999605792813405,3.9957119793355207,1.0,0.0,1000000
warmup,2,2,2,normal_mean,1000000,dsl_full_w1,1,101,0.002464600001985673,3.0872415999983787,3.0939139000001887,10.00147606400736,4.01354213519083,1.0,0.0,1000000
warmup,2,2,3,normal_mean,1000000,dsl_full_w2,2,101,0.0025128999986918643,4.442587600002298,4.450687699998525,10.00147606400736,4.01354213519083,1.0,0.0,1000000
warmup,2,2,4,normal_mean,1000000,numpy_native,,101,0.0,1.0873205999996571,1.0873205999996571,9.999605792812769,3.9957119793354225,1.0,0.0,1000000
warmup,3,2,1,normal_mean,100000,python_reference,,101,0.0,1.1087459000009403,1.1087459000009403,10.003732736712168,4.014955342619971,1.0,0.0,100000
warmup,3,2,2,normal_mean,100000,dsl_full_w2,2,101,0.002384100000199396,1.9395502999977907,1.9485820999980206,10.008957229893548,4.0138725928769645,1.0,0.0,100000
warmup,3,2,3,normal_mean,100000,dsl_full_w1,1,101,0.0036349000001791865,1.7206291000002238,1.7293188000003283,10.008957229893548,4.0138725928769645,1.0,0.0,100000
warmup,3,2,4,normal_mean,100000,numpy_native,,101,0.0,0.6774565999985498,0.6774565999985498,10.00373273671223,4.014955342619993,1.0,0.0,100000
warmup,4,2,1,discrete_mean,1000000,dsl_full_w2,2,101,0.0032452000014018267,2.8455452999987756,2.853274999997666,17.006380000000004,61.0053003009003,1.0,0.0,1000000
warmup,4,2,2,discrete_mean,1000000,numpy_native,,101,0.0,0.758832399998937,0.758832399998937,17.00618,61.01470282230283,1.0,0.0,1000000
warmup,4,2,3,discrete_mean,1000000,python_reference,,101,0.0,4.315573600000789,4.315573600000789,17.006179999999734,61.01470282230615,1.0,0.0,1000000
warmup,4,2,4,discrete_mean,1000000,dsl_full_w1,1,101,0.0030232999997679144,2.547256499998184,2.555420500000764,17.006380000000004,61.0053003009003,1.0,0.0,1000000
warmup,5,2,1,uniform_mean,100000,dsl_full_w1,1,101,0.002482600000803359,1.6495280000017374,1.6606689000000188,5.006012338679771,8.377145509510433,1.0,0.0,100000
warmup,5,2,2,uniform_mean,100000,dsl_full_w2,2,101,0.0024608000021544285,1.9678419999981998,1.974959499999386,5.006012338679771,8.377145509510433,1.0,0.0,100000
warmup,5,2,3,uniform_mean,100000,numpy_native,,101,0.0,0.6652185999992071,0.6652185999992071,5.004186247001897,8.336732359424687,1.0,0.0,100000
warmup,5,2,4,uniform_mean,100000,python_reference,,101,0.0,1.1062824000000546,1.1062824000000546,5.004186247001891,8.336732359424765,1.0,0.0,100000
warmup,6,1,1,normal_mean,10000,dsl_full_w2,2,101,0.0031804999998712447,1.644780399998126,1.6564567999994324,9.973087919767995,4.047907153268256,1.0,0.0,10000
warmup,6,1,2,normal_mean,10000,numpy_native,,101,0.0,0.6565984000008029,0.6565984000008029,9.973087919767995,4.047907153268256,1.0,0.0,10000
warmup,6,1,3,normal_mean,10000,dsl_full_w1,1,101,0.0039021000011416618,1.7099763000005623,1.7213723999993817,9.973087919767995,4.047907153268256,1.0,0.0,10000
warmup,6,1,4,normal_mean,10000,python_reference,,101,0.0,0.8056505999993533,0.8056505999993533,9.973087919767988,4.047907153268245,1.0,0.0,10000
warmup,7,1,1,linear_combination,100000,numpy_native,,101,0.0,0.6719383999989077,0.6719383999989077,29.054709565439364,42.978853962159384,1.0,0.0,100000
warmup,7,1,2,linear_combination,100000,python_reference,,101,0.0,1.1161066999993636,1.1161066999993636,29.054709565439047,42.97885396215865,1.0,0.0,100000
warmup,7,1,3,linear_combination,100000,dsl_full_w1,1,101,0.006024300000717631,1.7005075000015495,1.7107031000014103,29.011803708660572,43.25939696591443,1.0,0.0,100000
warmup,7,1,4,linear_combination,100000,dsl_full_w2,2,101,0.005976300002657808,1.9429907999983698,1.953601000001072,29.011803708660572,43.25939696591443,1.0,0.0,100000
warmup,8,1,1,linear_combination,1000000,dsl_full_w2,2,101,0.004685899999458343,3.774437099997158,3.7841048000009323,29.007276012049047,43.032742732594755,1.0,0.0,1000000
warmup,8,1,2,linear_combination,1000000,dsl_full_w1,1,101,0.004490999999688938,2.954166700001224,2.9629162999990513,29.007276012049047,43.032742732594755,1.0,0.0,1000000
warmup,8,1,3,linear_combination,1000000,numpy_native,,101,0.0,0.7812645000012708,0.7812645000012708,28.99295116966434,42.9446070658461,1.0,0.0,1000000
warmup,8,1,4,linear_combination,1000000,python_reference,,101,0.0,4.317842699998437,4.317842699998437,28.992951169665,42.944607065847144,1.0,0.0,1000000
warmup,9,1,1,discrete_mean,100000,dsl_full_w1,1,101,0.005904599998757476,1.6340409999975236,1.643967200001498,17.023600000000002,61.23565539655396,1.0,0.0,100000
warmup,9,1,2,discrete_mean,100000,python_reference,,101,0.0,1.1010931999990134,1.1010931999990134,17.013400000000193,61.13883182831891,1.0,0.0,100000
warmup,9,1,3,discrete_mean,100000,numpy_native,,101,0.0,0.630525900000066,0.630525900000066,17.0134,61.13883182831828,1.0,0.0,100000
warmup,9,1,4,discrete_mean,100000,dsl_full_w2,2,101,0.003937299999961397,1.9681860000018787,1.97941880000144,17.023600000000002,61.23565539655396,1.0,0.0,100000
warmup,10,1,1,normal_mean,100000,dsl_full_w1,1,101,0.003554500002792338,2.4361306999999215,2.446728599999915,10.008957229893548,4.0138725928769645,1.0,0.0,100000
warmup,10,1,2,normal_mean,100000,python_reference,,101,0.0,1.505730400000175,1.505730400000175,10.003732736712168,4.014955342619971,1.0,0.0,100000
warmup,10,1,3,normal_mean,100000,dsl_full_w2,2,101,0.0037706000002799556,2.1013985999998113,2.1091008000003058,10.008957229893548,4.0138725928769645,1.0,0.0,100000
warmup,10,1,4,normal_mean,100000,numpy_native,,101,0.0,0.6593302000001131,0.6593302000001131,10.00373273671223,4.014955342619993,1.0,0.0,100000
warmup,11,2,1,uniform_mean,1000000,dsl_full_w2,2,101,0.002611400002933806,3.2720503000018653,3.279684200002521,5.002041273919748,8.328978121381377,1.0,0.0,1000000
warmup,11,2,2,uniform_mean,1000000,python_reference,,101,0.0,5.167040799999086,5.167040799999086,5.002276326646218,8.333521927837188,1.0,0.0,1000000
warmup,11,2,3,uniform_mean,1000000,dsl_full_w1,1,101,0.0040915000026870985,4.642919900001289,4.652682199997798,5.002041273919748,8.328978121381377,1.0,0.0,1000000
warmup,11,2,4,uniform_mean,1000000,numpy_native,,101,0.0,0.7438039999979082,0.7438039999979082,5.0022763266460135,8.333521927837207,1.0,0.0,1000000
warmup,12,1,1,linear_combination,10000,numpy_native,,101,0.0,0.6586649999990186,0.6586649999990186,28.98519581130602,43.27884253996888,1.0,0.0,10000
warmup,12,1,2,linear_combination,10000,dsl_full_w2,2,101,0.0038592999990214594,1.674215800001548,1.683111700000154,28.98519581130602,43.27884253996888,1.0,0.0,10000
warmup,12,1,3,linear_combination,10000,dsl_full_w1,1,101,0.004204299999400973,2.343217400000867,2.353716000001441,28.98519581130602,43.27884253996888,1.0,0.0,10000
warmup,12,1,4,linear_combination,10000,python_reference,,101,0.0,0.7811703999977908,0.7811703999977908,28.98519581130601,43.278842539968764,1.0,0.0,10000
warmup,13,1,1,uniform_mean,10000,dsl_full_w1,1,101,0.0050352999969618395,1.6423331999976654,1.6538441000011517,5.009158303096408,8.442724596701995,1.0,0.0,10000
warmup,13,1,2,uniform_mean,10000,dsl_full_w2,2,101,0.004098299999895971,1.6413711000022886,1.649844600000506,5.009158303096408,8.442724596701995,1.0,0.0,10000
warmup,13,1,3,uniform_mean,10000,numpy_native,,101,0.0,0.6314920999975584,0.6314920999975584,5.009158303096408,8.442724596701995,1.0,0.0,10000
warmup,13,1,4,uniform_mean,10000,python_reference,,101,0.0,0.7776411999984703,0.7776411999984703,5.009158303096424,8.442724596701998,1.0,0.0,10000
warmup,14,2,1,uniform_mean,10000,python_reference,,101,0.0,0.7761878000019351,0.7761878000019351,5.009158303096424,8.442724596701998,1.0,0.0,10000
warmup,14,2,2,uniform_mean,10000,dsl_full_w2,2,101,0.003969500001403503,1.6337563000015507,1.644807700002275,5.009158303096408,8.442724596701995,1.0,0.0,10000
warmup,14,2,3,uniform_mean,10000,dsl_full_w1,1,101,0.0037253000009513926,1.6601411999981792,1.6761003999999957,5.009158303096408,8.442724596701995,1.0,0.0,10000
warmup,14,2,4,uniform_mean,10000,numpy_native,,101,0.0,0.6568279999992228,0.6568279999992228,5.009158303096408,8.442724596701995,1.0,0.0,10000
warmup,15,2,1,normal_mean,10000,python_reference,,101,0.0,0.7822473999985959,0.7822473999985959,9.973087919767988,4.047907153268245,1.0,0.0,10000
warmup,15,2,2,normal_mean,10000,dsl_full_w1,1,101,0.0031534000008832663,1.6924394000016036,1.7027529000006325,9.973087919767995,4.047907153268256,1.0,0.0,10000
warmup,15,2,3,normal_mean,10000,dsl_full_w2,2,101,0.00401630000123987,1.6896458999981405,1.6991034999991825,9.973087919767995,4.047907153268256,1.0,0.0,10000
warmup,15,2,4,normal_mean,10000,numpy_native,,101,0.0,0.6453049999981886,0.6453049999981886,9.973087919767995,4.047907153268256,1.0,0.0,10000
warmup,16,1,1,uniform_mean,1000000,numpy_native,,101,0.0,0.7281876999986707,0.7281876999986707,5.0022763266460135,8.333521927837207,1.0,0.0,1000000
warmup,16,1,2,uniform_mean,1000000,dsl_full_w2,2,101,0.00648400000136462,3.255954100000963,3.267405200000212,5.002041273919748,8.328978121381377,1.0,0.0,1000000
warmup,16,1,3,uniform_mean,1000000,dsl_full_w1,1,101,0.0033330999976897147,2.96727219999957,2.9773093000003428,5.002041273919748,8.328978121381377,1.0,0.0,1000000
warmup,16,1,4,uniform_mean,1000000,python_reference,,101,0.0,4.259121399998548,4.259121399998548,5.002276326646218,8.333521927837188,1.0,0.0,1000000
warmup,17,1,1,discrete_mean,1000000,dsl_full_w2,2,101,0.004174300000158837,2.8347346000009566,2.8448396000021603,17.006380000000004,61.0053003009003,1.0,0.0,1000000
warmup,17,1,2,discrete_mean,1000000,python_reference,,101,0.0,4.369126800000231,4.369126800000231,17.006179999999734,61.01470282230615,1.0,0.0,1000000
warmup,17,1,3,discrete_mean,1000000,numpy_native,,101,0.0,0.7663099999990663,0.7663099999990663,17.00618,61.01470282230283,1.0,0.0,1000000
warmup,17,1,4,discrete_mean,1000000,dsl_full_w1,1,101,0.004048400001920527,2.5990743999973347,2.610163900000771,17.006380000000004,61.0053003009003,1.0,0.0,1000000
warmup,18,1,1,normal_mean,1000000,python_reference,,101,0.0,4.242927799998142,4.242927799998142,9.999605792813405,3.9957119793355207,1.0,0.0,1000000
warmup,18,1,2,normal_mean,1000000,dsl_full_w2,2,101,0.0031282999989343807,3.1836535000002186,3.193635699997685,10.00147606400736,4.01354213519083,1.0,0.0,1000000
warmup,18,1,3,normal_mean,1000000,numpy_native,,101,0.0,0.7439664999983506,0.7439664999983506,9.999605792812769,3.9957119793354225,1.0,0.0,1000000
warmup,18,1,4,normal_mean,1000000,dsl_full_w1,1,101,0.005475600002682768,2.91434880000088,2.9243050000004587,10.00147606400736,4.01354213519083,1.0,0.0,1000000
warmup,19,1,1,discrete_mean,10000,dsl_full_w2,2,101,0.0036484000011114404,1.5948927999997977,1.6032906999971601,17.048,61.39183518351836,1.0,0.0,10000
warmup,19,1,2,discrete_mean,10000,numpy_native,,101,0.0,0.6604456999994,0.6604456999994,17.048,61.39183518351836,1.0,0.0,10000
warmup,19,1,3,discrete_mean,10000,python_reference,,101,0.0,0.7854956000010134,0.7854956000010134,17.048000000000055,61.391835183518545,1.0,0.0,10000
warmup,19,1,4,discrete_mean,10000,dsl_full_w1,1,101,0.00374290000036126,1.6729779999986931,1.6822390999986965,17.048,61.39183518351836,1.0,0.0,10000
warmup,20,2,1,linear_combination,10000,dsl_full_w1,1,101,0.004146100000070874,1.6908742999985407,1.6996504000017012,28.98519581130602,43.27884253996888,1.0,0.0,10000
warmup,20,2,2,linear_combination,10000,dsl_full_w2,2,101,0.0037974000006215647,1.6695417000009911,1.6807872999997926,28.98519581130602,43.27884253996888,1.0,0.0,10000
warmup,20,2,3,linear_combination,10000,python_reference,,101,0.0,0.791291600002296,0.791291600002296,28.98519581130601,43.278842539968764,1.0,0.0,10000
warmup,20,2,4,linear_combination,10000,numpy_native,,101,0.0,0.636898700002348,0.636898700002348,28.98519581130602,43.27884253996888,1.0,0.0,10000
warmup,21,2,1,linear_combination,100000,numpy_native,,101,0.0,0.6650379000020621,0.6650379000020621,29.054709565439364,42.978853962159384,1.0,0.0,100000
warmup,21,2,2,linear_combination,100000,python_reference,,101,0.0,1.0884040999990248,1.0884040999990248,29.054709565439047,42.97885396215865,1.0,0.0,100000
warmup,21,2,3,linear_combination,100000,dsl_full_w1,1,101,0.0032409000014013145,1.6950319000025047,1.7071112999983598,29.011803708660572,43.25939696591443,1.0,0.0,100000
warmup,21,2,4,linear_combination,100000,dsl_full_w2,2,101,0.004543399998510722,1.9613543000014033,1.9700942000017676,29.011803708660572,43.25939696591443,1.0,0.0,100000
warmup,22,2,1,discrete_mean,10000,numpy_native,,101,0.0,0.6372871000021405,0.6372871000021405,17.048,61.39183518351836,1.0,0.0,10000
warmup,22,2,2,discrete_mean,10000,python_reference,,101,0.0,0.7814886999985902,0.7814886999985902,17.048000000000055,61.391835183518545,1.0,0.0,10000
warmup,22,2,3,discrete_mean,10000,dsl_full_w2,2,101,0.007249799997225637,1.6811226999998325,1.6926101000026392,17.048,61.39183518351836,1.0,0.0,10000
warmup,22,2,4,discrete_mean,10000,dsl_full_w1,1,101,0.0042624000016076025,1.6150971999995818,1.6248536000020977,17.048,61.39183518351836,1.0,0.0,10000
warmup,23,2,1,discrete_mean,100000,dsl_full_w2,2,101,0.0043174999991606455,1.9412338999973144,1.9498764000018127,17.023600000000002,61.23565539655396,1.0,0.0,100000
warmup,23,2,2,discrete_mean,100000,numpy_native,,101,0.0,0.6040141000012227,0.6040141000012227,17.0134,61.13883182831828,1.0,0.0,100000
warmup,23,2,3,discrete_mean,100000,dsl_full_w1,1,101,0.005867600000783568,1.7044470000000729,1.7148116999997,17.023600000000002,61.23565539655396,1.0,0.0,100000
warmup,23,2,4,discrete_mean,100000,python_reference,,101,0.0,1.094369899998128,1.094369899998128,17.013400000000193,61.13883182831891,1.0,0.0,100000
warmup,24,2,1,linear_combination,1000000,python_reference,,101,0.0,4.207746000000043,4.207746000000043,28.992951169665,42.944607065847144,1.0,0.0,1000000
warmup,24,2,2,linear_combination,1000000,numpy_native,,101,0.0,0.7430696000010357,0.7430696000010357,28.99295116966434,42.9446070658461,1.0,0.0,1000000
warmup,24,2,3,linear_combination,1000000,dsl_full_w2,2,101,0.003658600002381718,3.272101399998064,3.2837087999978394,29.007276012049047,43.032742732594755,1.0,0.0,1000000
warmup,24,2,4,linear_combination,1000000,dsl_full_w1,1,101,0.003820800000539748,2.946841500001028,2.958650900000066,29.007276012049047,43.032742732594755,1.0,0.0,1000000
measured,25,26,1,discrete_mean,10000,dsl_full_w2,2,101,0.006059100000129547,1.8689639000003808,1.879322200002207,17.048,61.39183518351836,1.0,0.0,10000
measured,25,26,2,discrete_mean,10000,python_reference,,101,0.0,0.7632614999965881,0.7632614999965881,17.048000000000055,61.391835183518545,1.0,0.0,10000
measured,25,26,3,discrete_mean,10000,numpy_native,,101,0.0,0.5989755999980844,0.5989755999980844,17.048,61.39183518351836,1.0,0.0,10000
measured,25,26,4,discrete_mean,10000,dsl_full_w1,1,101,0.004070099999808008,1.667561400001432,1.6786757999980182,17.048,61.39183518351836,1.0,0.0,10000
measured,26,29,1,normal_mean,10000,python_reference,,101,0.0,0.758288300003187,0.758288300003187,9.973087919767988,4.047907153268245,1.0,0.0,10000
measured,26,29,2,normal_mean,10000,dsl_full_w1,1,101,0.002374699997744756,1.6326839000030304,1.6399225999994087,9.973087919767995,4.047907153268256,1.0,0.0,10000
measured,26,29,3,normal_mean,10000,numpy_native,,101,0.0,0.6433275000017602,0.6433275000017602,9.973087919767995,4.047907153268256,1.0,0.0,10000
measured,26,29,4,normal_mean,10000,dsl_full_w2,2,101,0.003391300000657793,1.639685300000565,1.6484118999978818,9.973087919767995,4.047907153268256,1.0,0.0,10000
measured,27,20,1,uniform_mean,10000,numpy_native,,101,0.0,0.6361017000017455,0.6361017000017455,5.009158303096408,8.442724596701995,1.0,0.0,10000
measured,27,20,2,uniform_mean,10000,python_reference,,101,0.0,0.7804771000010078,0.7804771000010078,5.009158303096424,8.442724596701998,1.0,0.0,10000
measured,27,20,3,uniform_mean,10000,dsl_full_w1,1,101,0.0031966000024112873,1.6106556999984605,1.6190998000020045,5.009158303096408,8.442724596701995,1.0,0.0,10000
measured,27,20,4,uniform_mean,10000,dsl_full_w2,2,101,0.005547000000660773,1.6507692000013776,1.6609467000016593,5.009158303096408,8.442724596701995,1.0,0.0,10000
measured,28,21,1,normal_mean,100000,numpy_native,,101,0.0,0.6594901999997091,0.6594901999997091,10.00373273671223,4.014955342619993,1.0,0.0,100000
measured,28,21,2,normal_mean,100000,python_reference,,101,0.0,1.0944350999998278,1.0944350999998278,10.003732736712168,4.014955342619971,1.0,0.0,100000
measured,28,21,3,normal_mean,100000,dsl_full_w2,2,101,0.004646199999115197,1.9239667000001646,1.9332269000005908,10.008957229893548,4.0138725928769645,1.0,0.0,100000
measured,28,21,4,normal_mean,100000,dsl_full_w1,1,101,0.0033791999994718935,1.7303323999985878,1.738083899999765,10.008957229893548,4.0138725928769645,1.0,0.0,100000
measured,29,13,1,normal_mean,100000,dsl_full_w2,2,101,0.0035016000001633074,1.9291376000001037,1.941501099998277,10.008957229893548,4.0138725928769645,1.0,0.0,100000
measured,29,13,2,normal_mean,100000,dsl_full_w1,1,101,0.0035499000005074777,1.6543079999973997,1.6642118000017945,10.008957229893548,4.0138725928769645,1.0,0.0,100000
measured,29,13,3,normal_mean,100000,numpy_native,,101,0.0,0.662065900000016,0.662065900000016,10.00373273671223,4.014955342619993,1.0,0.0,100000
measured,29,13,4,normal_mean,100000,python_reference,,101,0.0,1.1063677000020107,1.1063677000020107,10.003732736712168,4.014955342619971,1.0,0.0,100000
measured,30,12,1,normal_mean,10000,dsl_full_w1,1,101,0.002340799997909926,1.6292547999983071,1.635693700001866,9.973087919767995,4.047907153268256,1.0,0.0,10000
measured,30,12,2,normal_mean,10000,numpy_native,,101,0.0,0.6690109000010125,0.6690109000010125,9.973087919767995,4.047907153268256,1.0,0.0,10000
measured,30,12,3,normal_mean,10000,dsl_full_w2,2,101,0.004284700000425801,1.615026299998135,1.6234407000010833,9.973087919767995,4.047907153268256,1.0,0.0,10000
measured,30,12,4,normal_mean,10000,python_reference,,101,0.0,0.7876843000012741,0.7876843000012741,9.973087919767988,4.047907153268245,1.0,0.0,10000
measured,31,18,1,uniform_mean,10000,dsl_full_w1,1,101,0.0051848000002792105,1.6831211999997322,1.692645300001459,5.009158303096408,8.442724596701995,1.0,0.0,10000
measured,31,18,2,uniform_mean,10000,python_reference,,101,0.0,0.7693175000022165,0.7693175000022165,5.009158303096424,8.442724596701998,1.0,0.0,10000
measured,31,18,3,uniform_mean,10000,dsl_full_w2,2,101,0.005861899997398723,1.6878781000013987,1.6977984000004653,5.009158303096408,8.442724596701995,1.0,0.0,10000
measured,31,18,4,uniform_mean,10000,numpy_native,,101,0.0,0.6479246999988391,0.6479246999988391,5.009158303096408,8.442724596701995,1.0,0.0,10000
measured,32,25,1,normal_mean,100000,python_reference,,101,0.0,1.0877323999993678,1.0877323999993678,10.003732736712168,4.014955342619971,1.0,0.0,100000
measured,32,25,2,normal_mean,100000,dsl_full_w2,2,101,0.0029944999987492338,1.9184744999984105,1.9256286999989243,10.008957229893548,4.0138725928769645,1.0,0.0,100000
measured,32,25,3,normal_mean,100000,numpy_native,,101,0.0,0.6509112999992794,0.6509112999992794,10.00373273671223,4.014955342619993,1.0,0.0,100000
measured,32,25,4,normal_mean,100000,dsl_full_w1,1,101,0.00691480000023148,1.696609400001762,1.7077142000016465,10.008957229893548,4.0138725928769645,1.0,0.0,100000
measured,33,7,1,linear_combination,100000,python_reference,,101,0.0,1.0798125999972399,1.0798125999972399,29.054709565439047,42.97885396215865,1.0,0.0,100000
measured,33,7,2,linear_combination,100000,dsl_full_w2,2,101,0.003464599998551421,1.8757105999975465,1.8842495999997482,29.011803708660572,43.25939696591443,1.0,0.0,100000
measured,33,7,3,linear_combination,100000,numpy_native,,101,0.0,0.6624708000017563,0.6624708000017563,29.054709565439364,42.978853962159384,1.0,0.0,100000
measured,33,7,4,linear_combination,100000,dsl_full_w1,1,101,0.0043977999994240236,1.7155534999983502,1.7241686999986996,29.011803708660572,43.25939696591443,1.0,0.0,100000
measured,34,14,1,normal_mean,10000,dsl_full_w1,1,101,0.0055216000000655185,1.6197534999992058,1.6293891000022995,9.973087919767995,4.047907153268256,1.0,0.0,10000
measured,34,14,2,normal_mean,10000,numpy_native,,101,0.0,0.6500497000015457,0.6500497000015457,9.973087919767995,4.047907153268256,1.0,0.0,10000
measured,34,14,3,normal_mean,10000,python_reference,,101,0.0,0.7811849000026996,0.7811849000026996,9.973087919767988,4.047907153268245,1.0,0.0,10000
measured,34,14,4,normal_mean,10000,dsl_full_w2,2,101,0.005712599999242229,1.69338290000087,1.7059389999994892,9.973087919767995,4.047907153268256,1.0,0.0,10000
measured,35,26,1,normal_mean,100000,python_reference,,101,0.0,1.0878917000009096,1.0878917000009096,10.003732736712168,4.014955342619971,1.0,0.0,100000
measured,35,26,2,normal_mean,100000,dsl_full_w1,1,101,0.0031253999986802228,1.6963713000004645,1.7082493999987491,10.008957229893548,4.0138725928769645,1.0,0.0,100000
measured,35,26,3,normal_mean,100000,dsl_full_w2,2,101,0.0036925999993400183,1.9776189000003797,1.9861524999978428,10.008957229893548,4.0138725928769645,1.0,0.0,100000
measured,35,26,4,normal_mean,100000,numpy_native,,101,0.0,0.6609514999981911,0.6609514999981911,10.00373273671223,4.014955342619993,1.0,0.0,100000
measured,36,23,1,linear_combination,1000000,numpy_native,,101,0.0,0.7646607999995467,0.7646607999995467,28.99295116966434,42.9446070658461,1.0,0.0,1000000
measured,36,23,2,linear_combination,1000000,python_reference,,101,0.0,4.148934400000144,4.148934400000144,28.992951169665,42.944607065847144,1.0,0.0,1000000
measured,36,23,3,linear_combination,1000000,dsl_full_w1,1,101,0.003867999999783933,2.8652254000007815,2.8738749000003736,29.007276012049047,43.032742732594755,1.0,0.0,1000000
measured,36,23,4,linear_combination,1000000,dsl_full_w2,2,101,0.003562899997632485,3.0804499000005308,3.0929075999993074,29.007276012049047,43.032742732594755,1.0,0.0,1000000
measured,37,3,1,discrete_mean,1000000,numpy_native,,101,0.0,0.7608268000003591,0.7608268000003591,17.00618,61.01470282230283,1.0,0.0,1000000
measured,37,3,2,discrete_mean,1000000,dsl_full_w2,2,101,0.00416630000108853,2.818704199999047,2.830574700001307,17.006380000000004,61.0053003009003,1.0,0.0,1000000
measured,37,3,3,discrete_mean,1000000,python_reference,,101,0.0,4.210616800002754,4.210616800002754,17.006179999999734,61.01470282230615,1.0,0.0,1000000
measured,37,3,4,discrete_mean,1000000,dsl_full_w1,1,101,0.005176999999093823,2.5528584999992745,2.5622415999969235,17.006380000000004,61.0053003009003,1.0,0.0,1000000
measured,38,12,1,discrete_mean,1000000,dsl_full_w2,2,101,0.004310299998905975,2.841054799999256,2.8495113999997557,17.006380000000004,61.0053003009003,1.0,0.0,1000000
measured,38,12,2,discrete_mean,1000000,python_reference,,101,0.0,4.240596600000572,4.240596600000572,17.006179999999734,61.01470282230615,1.0,0.0,1000000
measured,38,12,3,discrete_mean,1000000,dsl_full_w1,1,101,0.0033150999988720287,2.4928601999999955,2.5040436000017507,17.006380000000004,61.0053003009003,1.0,0.0,1000000
measured,38,12,4,discrete_mean,1000000,numpy_native,,101,0.0,0.7641970999975456,0.7641970999975456,17.00618,61.01470282230283,1.0,0.0,1000000
measured,39,15,1,linear_combination,1000000,dsl_full_w1,1,101,0.004254199997376418,2.838674100003118,2.8501434000027075,29.007276012049047,43.032742732594755,1.0,0.0,1000000
measured,39,15,2,linear_combination,1000000,dsl_full_w2,2,101,0.004201499999908265,3.1199407000021893,3.128312899996672,29.007276012049047,43.032742732594755,1.0,0.0,1000000
measured,39,15,3,linear_combination,1000000,python_reference,,101,0.0,4.210263900000427,4.210263900000427,28.992951169665,42.944607065847144,1.0,0.0,1000000
measured,39,15,4,linear_combination,1000000,numpy_native,,101,0.0,0.7441986999983783,0.7441986999983783,28.99295116966434,42.9446070658461,1.0,0.0,1000000
measured,40,16,1,discrete_mean,100000,dsl_full_w1,1,101,0.004112799997528782,1.7074252999991586,1.7158678000014334,17.023600000000002,61.23565539655396,1.0,0.0,100000
measured,40,16,2,discrete_mean,100000,python_reference,,101,0.0,1.0891999000014039,1.0891999000014039,17.013400000000193,61.13883182831891,1.0,0.0,100000
measured,40,16,3,discrete_mean,100000,numpy_native,,101,0.0,0.6416939999980968,0.6416939999980968,17.0134,61.13883182831828,1.0,0.0,100000
measured,40,16,4,discrete_mean,100000,dsl_full_w2,2,101,0.003803600000537699,1.9099070000011125,1.918794599998364,17.023600000000002,61.23565539655396,1.0,0.0,100000
measured,41,10,1,normal_mean,10000,dsl_full_w1,1,101,0.0033321999981126282,1.662268200001563,1.672547800000757,9.973087919767995,4.047907153268256,1.0,0.0,10000
measured,41,10,2,normal_mean,10000,numpy_native,,101,0.0,0.598370600000635,0.598370600000635,9.973087919767995,4.047907153268256,1.0,0.0,10000
measured,41,10,3,normal_mean,10000,dsl_full_w2,2,101,0.002970699999423232,1.671222700002545,1.6800741999977618,9.973087919767995,4.047907153268256,1.0,0.0,10000
measured,41,10,4,normal_mean,10000,python_reference,,101,0.0,0.7704822999985481,0.7704822999985481,9.973087919767988,4.047907153268245,1.0,0.0,10000
measured,42,18,1,discrete_mean,100000,dsl_full_w2,2,101,0.004142499998124549,1.8824820000008913,1.891634299998259,17.023600000000002,61.23565539655396,1.0,0.0,100000
measured,42,18,2,discrete_mean,100000,dsl_full_w1,1,101,0.003797699999267934,1.934725700000854,1.9439036999974633,17.023600000000002,61.23565539655396,1.0,0.0,100000
measured,42,18,3,discrete_mean,100000,numpy_native,,101,0.0,0.842255200001091,0.842255200001091,17.0134,61.13883182831828,1.0,0.0,100000
measured,42,18,4,discrete_mean,100000,python_reference,,101,0.0,1.1277608999989752,1.1277608999989752,17.013400000000193,61.13883182831891,1.0,0.0,100000
measured,43,15,1,discrete_mean,100000,dsl_full_w1,1,101,0.0029264000004332047,1.6946943000002648,1.702474899997469,17.023600000000002,61.23565539655396,1.0,0.0,100000
measured,43,15,2,discrete_mean,100000,dsl_full_w2,2,101,0.005954099997325102,1.9427218999990146,1.9532185999996727,17.023600000000002,61.23565539655396,1.0,0.0,100000
measured,43,15,3,discrete_mean,100000,numpy_native,,101,0.0,0.6636668999999529,0.6636668999999529,17.0134,61.13883182831828,1.0,0.0,100000
measured,43,15,4,discrete_mean,100000,python_reference,,101,0.0,1.116529700000683,1.116529700000683,17.013400000000193,61.13883182831891,1.0,0.0,100000
measured,44,15,1,uniform_mean,1000000,python_reference,,101,0.0,4.648897899998701,4.648897899998701,5.002276326646218,8.333521927837188,1.0,0.0,1000000
measured,44,15,2,uniform_mean,1000000,numpy_native,,101,0.0,0.7074130000000878,0.7074130000000878,5.0022763266460135,8.333521927837207,1.0,0.0,1000000
measured,44,15,3,uniform_mean,1000000,dsl_full_w2,2,101,0.005965399999695364,3.171282199997222,3.181780599999911,5.002041273919748,8.328978121381377,1.0,0.0,1000000
measured,44,15,4,uniform_mean,1000000,dsl_full_w1,1,101,0.0036053000003448687,2.956775700000435,2.965344299998833,5.002041273919748,8.328978121381377,1.0,0.0,1000000
measured,45,21,1,uniform_mean,100000,python_reference,,101,0.0,1.0810915000001842,1.0810915000001842,5.004186247001891,8.336732359424765,1.0,0.0,100000
measured,45,21,2,uniform_mean,100000,numpy_native,,101,0.0,0.6290642999992997,0.6290642999992997,5.004186247001897,8.336732359424687,1.0,0.0,100000
measured,45,21,3,uniform_mean,100000,dsl_full_w2,2,101,0.005286100000375882,1.9349855000000389,1.9444791999994777,5.006012338679771,8.377145509510433,1.0,0.0,100000
measured,45,21,4,uniform_mean,100000,dsl_full_w1,1,101,0.006349499999487307,1.6923347000010835,1.703099900001689,5.006012338679771,8.377145509510433,1.0,0.0,100000
measured,46,19,1,normal_mean,1000000,python_reference,,101,0.0,4.179200599999604,4.179200599999604,9.999605792813405,3.9957119793355207,1.0,0.0,1000000
measured,46,19,2,normal_mean,1000000,dsl_full_w1,1,101,0.004080200000316836,2.9371126999976696,2.9455589999997756,10.00147606400736,4.01354213519083,1.0,0.0,1000000
measured,46,19,3,normal_mean,1000000,dsl_full_w2,2,101,0.0036266999995859805,3.186832300001697,3.1974617000014405,10.00147606400736,4.01354213519083,1.0,0.0,1000000
measured,46,19,4,normal_mean,1000000,numpy_native,,101,0.0,0.7423651999997674,0.7423651999997674,9.999605792812769,3.9957119793354225,1.0,0.0,1000000
measured,47,28,1,linear_combination,100000,python_reference,,101,0.0,1.0935991000005743,1.0935991000005743,29.054709565439047,42.97885396215865,1.0,0.0,100000
measured,47,28,2,linear_combination,100000,dsl_full_w1,1,101,0.0033951000004890375,2.127528999997594,2.135514699999476,29.011803708660572,43.25939696591443,1.0,0.0,100000
measured,47,28,3,linear_combination,100000,numpy_native,,101,0.0,0.7555826000025263,0.7555826000025263,29.054709565439364,42.978853962159384,1.0,0.0,100000
measured,47,28,4,linear_combination,100000,dsl_full_w2,2,101,0.004193799999484327,2.235980399997061,2.246510799999669,29.011803708660572,43.25939696591443,1.0,0.0,100000
measured,48,18,1,linear_combination,100000,dsl_full_w2,2,101,0.005747900002461392,3.1446370000012394,3.15535219999947,29.011803708660572,43.25939696591443,1.0,0.0,100000
measured,48,18,2,linear_combination,100000,numpy_native,,101,0.0,0.8126148999981524,0.8126148999981524,29.054709565439364,42.978853962159384,1.0,0.0,100000
measured,48,18,3,linear_combination,100000,dsl_full_w1,1,101,0.004377699999167817,2.0824104999992414,2.0938079000006837,29.011803708660572,43.25939696591443,1.0,0.0,100000
measured,48,18,4,linear_combination,100000,python_reference,,101,0.0,1.3514740999999049,1.3514740999999049,29.054709565439047,42.97885396215865,1.0,0.0,100000
measured,49,28,1,linear_combination,1000000,python_reference,,101,0.0,5.8960903999977745,5.8960903999977745,28.992951169665,42.944607065847144,1.0,0.0,1000000
measured,49,28,2,linear_combination,1000000,dsl_full_w2,2,101,0.0034587000009196345,3.8837792000012996,3.8954829999966023,29.007276012049047,43.032742732594755,1.0,0.0,1000000
measured,49,28,3,linear_combination,1000000,dsl_full_w1,1,101,0.0031526999991910998,4.264083400001255,4.272201800002222,29.007276012049047,43.032742732594755,1.0,0.0,1000000
measured,49,28,4,linear_combination,1000000,numpy_native,,101,0.0,1.085658699998021,1.085658699998021,28.99295116966434,42.9446070658461,1.0,0.0,1000000
measured,50,19,1,uniform_mean,100000,python_reference,,101,0.0,1.5704839999998512,1.5704839999998512,5.004186247001891,8.336732359424765,1.0,0.0,100000
measured,50,19,2,uniform_mean,100000,dsl_full_w1,1,101,0.004920700001093792,2.752749400002358,2.763852500000212,5.006012338679771,8.377145509510433,1.0,0.0,100000
measured,50,19,3,uniform_mean,100000,numpy_native,,101,0.0,0.917914000001474,0.917914000001474,5.004186247001897,8.336732359424687,1.0,0.0,100000
measured,50,19,4,uniform_mean,100000,dsl_full_w2,2,101,0.005214699998759897,2.4206430000012915,2.4339443999997457,5.006012338679771,8.377145509510433,1.0,0.0,100000
measured,51,7,1,normal_mean,10000,dsl_full_w1,1,101,0.005737100000260398,2.6425767000000633,2.652731500002119,9.973087919767995,4.047907153268256,1.0,0.0,10000
measured,51,7,2,normal_mean,10000,numpy_native,,101,0.0,1.0070091999987199,1.0070091999987199,9.973087919767995,4.047907153268256,1.0,0.0,10000
measured,51,7,3,normal_mean,10000,dsl_full_w2,2,101,0.004745300000649877,2.6836393999983557,2.692404700002953,9.973087919767995,4.047907153268256,1.0,0.0,10000
measured,51,7,4,normal_mean,10000,python_reference,,101,0.0,1.5805403999984264,1.5805403999984264,9.973087919767988,4.047907153268245,1.0,0.0,10000
measured,52,5,1,normal_mean,1000000,numpy_native,,101,0.0,1.1413537000007636,1.1413537000007636,9.999605792812769,3.9957119793354225,1.0,0.0,1000000
measured,52,5,2,normal_mean,1000000,python_reference,,101,0.0,5.832095400000981,5.832095400000981,9.999605792813405,3.9957119793355207,1.0,0.0,1000000
measured,52,5,3,normal_mean,1000000,dsl_full_w1,1,101,0.005333799999789335,4.3180141000011645,4.330524599998171,10.00147606400736,4.01354213519083,1.0,0.0,1000000
measured,52,5,4,normal_mean,1000000,dsl_full_w2,2,101,0.004015499998786254,3.7648229000005813,3.773511999999755,10.00147606400736,4.01354213519083,1.0,0.0,1000000
measured,53,20,1,linear_combination,10000,numpy_native,,101,0.0,0.7780811999982689,0.7780811999982689,28.98519581130602,43.27884253996888,1.0,0.0,10000
measured,53,20,2,linear_combination,10000,dsl_full_w1,1,101,0.00362920000043232,2.2008932000026107,2.2110796999986633,28.98519581130602,43.27884253996888,1.0,0.0,10000
measured,53,20,3,linear_combination,10000,python_reference,,101,0.0,0.9669254000000365,0.9669254000000365,28.98519581130601,43.278842539968764,1.0,0.0,10000
measured,53,20,4,linear_combination,10000,dsl_full_w2,2,101,0.0052590000013879035,2.5162117999971088,2.5310521999999764,28.98519581130602,43.27884253996888,1.0,0.0,10000
measured,54,24,1,uniform_mean,1000000,dsl_full_w2,2,101,0.007820599999831757,4.266470799997478,4.280167799999617,5.002041273919748,8.328978121381377,1.0,0.0,1000000
measured,54,24,2,uniform_mean,1000000,python_reference,,101,0.0,6.058080099999643,6.058080099999643,5.002276326646218,8.333521927837188,1.0,0.0,1000000
measured,54,24,3,uniform_mean,1000000,numpy_native,,101,0.0,0.9536913999982062,0.9536913999982062,5.0022763266460135,8.333521927837207,1.0,0.0,1000000
measured,54,24,4,uniform_mean,1000000,dsl_full_w1,1,101,0.004066599998623133,3.9703822000010405,3.9789687000011327,5.002041273919748,8.328978121381377,1.0,0.0,1000000
measured,55,13,1,linear_combination,10000,dsl_full_w2,2,101,0.006330799998977454,2.0778832000032708,2.0879776000001584,28.98519581130602,43.27884253996888,1.0,0.0,10000
measured,55,13,2,linear_combination,10000,python_reference,,101,0.0,0.9635183999998844,0.9635183999998844,28.98519581130601,43.278842539968764,1.0,0.0,10000
measured,55,13,3,linear_combination,10000,numpy_native,,101,0.0,0.8053996000016923,0.8053996000016923,28.98519581130602,43.27884253996888,1.0,0.0,10000
measured,55,13,4,linear_combination,10000,dsl_full_w1,1,101,0.004749899999296758,2.0670525999994425,2.078860599998734,28.98519581130602,43.27884253996888,1.0,0.0,10000
measured,56,12,1,uniform_mean,1000000,numpy_native,,101,0.0,1.0552193000003172,1.0552193000003172,5.0022763266460135,8.333521927837207,1.0,0.0,1000000
measured,56,12,2,uniform_mean,1000000,python_reference,,101,0.0,5.533952499998122,5.533952499998122,5.002276326646218,8.333521927837188,1.0,0.0,1000000
measured,56,12,3,uniform_mean,1000000,dsl_full_w2,2,101,0.0035756000033870805,3.910354699997697,3.9186499000024924,5.002041273919748,8.328978121381377,1.0,0.0,1000000
measured,56,12,4,uniform_mean,1000000,dsl_full_w1,1,101,0.005552200000238372,4.241253599997435,4.253546699997969,5.002041273919748,8.328978121381377,1.0,0.0,1000000
measured,57,24,1,linear_combination,1000000,python_reference,,101,0.0,5.699752900000021,5.699752900000021,28.992951169665,42.944607065847144,1.0,0.0,1000000
measured,57,24,2,linear_combination,1000000,dsl_full_w1,1,101,0.004602699998940807,3.8463780999991286,3.8565846999990754,29.007276012049047,43.032742732594755,1.0,0.0,1000000
measured,57,24,3,linear_combination,1000000,dsl_full_w2,2,101,0.008812399999442277,4.280439699999988,4.2964661000005435,29.007276012049047,43.032742732594755,1.0,0.0,1000000
measured,57,24,4,linear_combination,1000000,numpy_native,,101,0.0,1.251071899998351,1.251071899998351,28.99295116966434,42.9446070658461,1.0,0.0,1000000
measured,58,26,1,uniform_mean,10000,dsl_full_w2,2,101,0.007356199999776436,3.040930199997092,3.0570106000013766,5.009158303096408,8.442724596701995,1.0,0.0,10000
measured,58,26,2,uniform_mean,10000,dsl_full_w1,1,101,0.006612500001210719,3.145257699998183,3.164711699999316,5.009158303096408,8.442724596701995,1.0,0.0,10000
measured,58,26,3,uniform_mean,10000,python_reference,,101,0.0,1.585915700001351,1.585915700001351,5.009158303096424,8.442724596701998,1.0,0.0,10000
measured,58,26,4,uniform_mean,10000,numpy_native,,101,0.0,1.1453001000008953,1.1453001000008953,5.009158303096408,8.442724596701995,1.0,0.0,10000
measured,59,29,1,normal_mean,1000000,python_reference,,101,0.0,6.205885800001852,6.205885800001852,9.999605792813405,3.9957119793355207,1.0,0.0,1000000
measured,59,29,2,normal_mean,1000000,dsl_full_w2,2,101,0.004803300002095057,4.475840499999322,4.4922111999985646,10.00147606400736,4.01354213519083,1.0,0.0,1000000
measured,59,29,3,normal_mean,1000000,numpy_native,,101,0.0,1.278786200000468,1.278786200000468,9.999605792812769,3.9957119793354225,1.0,0.0,1000000
measured,59,29,4,normal_mean,1000000,dsl_full_w1,1,101,0.004309200001443969,4.966974499999196,4.977869399997871,10.00147606400736,4.01354213519083,1.0,0.0,1000000
measured,60,3,1,linear_combination,100000,python_reference,,101,0.0,1.9922306000007666,1.9922306000007666,29.054709565439047,42.97885396215865,1.0,0.0,100000
measured,60,3,2,linear_combination,100000,numpy_native,,101,0.0,1.2237865000024613,1.2237865000024613,29.054709565439364,42.978853962159384,1.0,0.0,100000
measured,60,3,3,linear_combination,100000,dsl_full_w1,1,101,0.005220200000621844,3.0146634000011545,3.0353882999988855,29.011803708660572,43.25939696591443,1.0,0.0,100000
measured,60,3,4,linear_combination,100000,dsl_full_w2,2,101,0.006793600001401501,2.6999746000001323,2.7135011999998824,29.011803708660572,43.25939696591443,1.0,0.0,100000
measured,61,8,1,discrete_mean,10000,dsl_full_w1,1,101,0.0060558000004675705,2.1006482999982836,2.111352199997782,17.048,61.39183518351836,1.0,0.0,10000
measured,61,8,2,discrete_mean,10000,python_reference,,101,0.0,1.3904455000010785,1.3904455000010785,17.048000000000055,61.391835183518545,1.0,0.0,10000
measured,61,8,3,discrete_mean,10000,numpy_native,,101,0.0,1.0425458999998227,1.0425458999998227,17.048,61.39183518351836,1.0,0.0,10000
measured,61,8,4,discrete_mean,10000,dsl_full_w2,2,101,0.004420500001288019,3.068569100003515,3.0779726000000664,17.048,61.39183518351836,1.0,0.0,10000
measured,62,23,1,normal_mean,10000,dsl_full_w2,2,101,0.004760599997098325,3.250241100002313,3.2626146000002336,9.973087919767995,4.047907153268256,1.0,0.0,10000
measured,62,23,2,normal_mean,10000,python_reference,,101,0.0,1.295809700000973,1.295809700000973,9.973087919767988,4.047907153268245,1.0,0.0,10000
measured,62,23,3,normal_mean,10000,dsl_full_w1,1,101,0.005887499999516876,2.0814582999992126,2.0926540000000386,9.973087919767995,4.047907153268256,1.0,0.0,10000
measured,62,23,4,normal_mean,10000,numpy_native,,101,0.0,1.0836869999984629,1.0836869999984629,9.973087919767995,4.047907153268256,1.0,0.0,10000
measured,63,5,1,linear_combination,100000,numpy_native,,101,0.0,1.0536807999997109,1.0536807999997109,29.054709565439364,42.978853962159384,1.0,0.0,100000
measured,63,5,2,linear_combination,100000,python_reference,,101,0.0,2.016270899999654,2.016270899999654,29.054709565439047,42.97885396215865,1.0,0.0,100000
measured,63,5,3,linear_combination,100000,dsl_full_w1,1,101,0.00366070000018226,3.069915800002491,3.079721399997652,29.011803708660572,43.25939696591443,1.0,0.0,100000
measured,63,5,4,linear_combination,100000,dsl_full_w2,2,101,0.0037599999996018596,2.4224694999975327,2.431843400001526,29.011803708660572,43.25939696591443,1.0,0.0,100000
measured,64,15,1,normal_mean,100000,numpy_native,,101,0.0,0.7811024999973597,0.7811024999973597,10.00373273671223,4.014955342619993,1.0,0.0,100000
measured,64,15,2,normal_mean,100000,dsl_full_w2,2,101,0.00514120000298135,2.9221437000014703,2.9310598999982176,10.008957229893548,4.0138725928769645,1.0,0.0,100000
measured,64,15,3,normal_mean,100000,dsl_full_w1,1,101,0.004423099999257829,2.4441158000008727,2.4574635999997554,10.008957229893548,4.0138725928769645,1.0,0.0,100000
measured,64,15,4,normal_mean,100000,python_reference,,101,0.0,1.973888699998497,1.973888699998497,10.003732736712168,4.014955342619971,1.0,0.0,100000
measured,65,23,1,discrete_mean,100000,dsl_full_w1,1,101,0.006752700002834899,1.936998199998925,1.9474860000009357,17.023600000000002,61.23565539655396,1.0,0.0,100000
measured,65,23,2,discrete_mean,100000,python_reference,,101,0.0,1.888629299999593,1.888629299999593,17.013400000000193,61.13883182831891,1.0,0.0,100000
measured,65,23,3,discrete_mean,100000,numpy_native,,101,0.0,1.1094861999990826,1.1094861999990826,17.0134,61.13883182831828,1.0,0.0,100000
measured,65,23,4,discrete_mean,100000,dsl_full_w2,2,101,0.006094499996834202,2.488601799999742,2.5004382000006444,17.023600000000002,61.23565539655396,1.0,0.0,100000
measured,66,6,1,discrete_mean,100000,dsl_full_w1,1,101,0.004432899997482309,2.6215405000002647,2.6341510000020207,17.023600000000002,61.23565539655396,1.0,0.0,100000
measured,66,6,2,discrete_mean,100000,dsl_full_w2,2,101,0.003049400002055336,2.8582170999980008,2.8809809000013047,17.023600000000002,61.23565539655396,1.0,0.0,100000
measured,66,6,3,discrete_mean,100000,python_reference,,101,0.0,1.7956338000003598,1.7956338000003598,17.013400000000193,61.13883182831891,1.0,0.0,100000
measured,66,6,4,discrete_mean,100000,numpy_native,,101,0.0,1.0502383999992162,1.0502383999992162,17.0134,61.13883182831828,1.0,0.0,100000
measured,67,25,1,normal_mean,1000000,python_reference,,101,0.0,7.15074309999909,7.15074309999909,9.999605792813405,3.9957119793355207,1.0,0.0,1000000
measured,67,25,2,normal_mean,1000000,dsl_full_w1,1,101,0.006681899998511653,5.438533299999108,5.451173499997822,10.00147606400736,4.01354213519083,1.0,0.0,1000000
measured,67,25,3,normal_mean,1000000,numpy_native,,101,0.0,1.3195315999982995,1.3195315999982995,9.999605792812769,3.9957119793354225,1.0,0.0,1000000
measured,67,25,4,normal_mean,1000000,dsl_full_w2,2,101,0.0032026999979279935,4.205747500000143,4.21605179999824,10.00147606400736,4.01354213519083,1.0,0.0,1000000
measured,68,30,1,discrete_mean,100000,dsl_full_w1,1,101,0.003152499997668201,3.0658240000011574,3.073340900002222,17.023600000000002,61.23565539655396,1.0,0.0,100000
measured,68,30,2,discrete_mean,100000,python_reference,,101,0.0,1.5161044999986188,1.5161044999986188,17.013400000000193,61.13883182831891,1.0,0.0,100000
measured,68,30,3,discrete_mean,100000,numpy_native,,101,0.0,0.8949511999999231,0.8949511999999231,17.0134,61.13883182831828,1.0,0.0,100000
measured,68,30,4,discrete_mean,100000,dsl_full_w2,2,101,0.003570899996702792,2.6007218999984616,2.6121639999983017,17.023600000000002,61.23565539655396,1.0,0.0,100000
measured,69,24,1,uniform_mean,10000,dsl_full_w1,1,101,0.005301799999870127,2.440189500000997,2.4501454000019294,5.009158303096408,8.442724596701995,1.0,0.0,10000
measured,69,24,2,uniform_mean,10000,dsl_full_w2,2,101,0.003272999998443993,2.5515273999990313,2.56004170000233,5.009158303096408,8.442724596701995,1.0,0.0,10000
measured,69,24,3,uniform_mean,10000,numpy_native,,101,0.0,0.8910958000014944,0.8910958000014944,5.009158303096408,8.442724596701995,1.0,0.0,10000
measured,69,24,4,uniform_mean,10000,python_reference,,101,0.0,1.2582751000009011,1.2582751000009011,5.009158303096424,8.442724596701998,1.0,0.0,10000
measured,70,10,1,discrete_mean,1000000,python_reference,,101,0.0,6.637241299999005,6.637241299999005,17.006179999999734,61.01470282230615,1.0,0.0,1000000
measured,70,10,2,discrete_mean,1000000,dsl_full_w2,2,101,0.0026249999973515514,3.8842053999978816,3.8937637000017276,17.006380000000004,61.0053003009003,1.0,0.0,1000000
measured,70,10,3,discrete_mean,1000000,dsl_full_w1,1,101,0.0032061999991128687,3.5524493000011717,3.5612493000007817,17.006380000000004,61.0053003009003,1.0,0.0,1000000
measured,70,10,4,discrete_mean,1000000,numpy_native,,101,0.0,1.146772799998871,1.146772799998871,17.00618,61.01470282230283,1.0,0.0,1000000
measured,71,17,1,linear_combination,10000,dsl_full_w1,1,101,0.0052467999994405545,2.551781899997877,2.5640515999984927,28.98519581130602,43.27884253996888,1.0,0.0,10000
measured,71,17,2,linear_combination,10000,python_reference,,101,0.0,1.1724751999972796,1.1724751999972796,28.98519581130601,43.278842539968764,1.0,0.0,10000
measured,71,17,3,linear_combination,10000,numpy_native,,101,0.0,1.022390300000552,1.022390300000552,28.98519581130602,43.27884253996888,1.0,0.0,10000
measured,71,17,4,linear_combination,10000,dsl_full_w2,2,101,0.002849299999070354,2.6512704999986454,2.660979000000225,28.98519581130602,43.27884253996888,1.0,0.0,10000
measured,72,24,1,uniform_mean,100000,dsl_full_w2,2,101,0.002497699999366887,2.5840106000032392,2.5937718999994104,5.006012338679771,8.377145509510433,1.0,0.0,100000
measured,72,24,2,uniform_mean,100000,python_reference,,101,0.0,1.6665095000025758,1.6665095000025758,5.004186247001891,8.336732359424765,1.0,0.0,100000
measured,72,24,3,uniform_mean,100000,dsl_full_w1,1,101,0.002616199999465607,2.7794623999980104,2.790412999998807,5.006012338679771,8.377145509510433,1.0,0.0,100000
measured,72,24,4,uniform_mean,100000,numpy_native,,101,0.0,0.9797894000002998,0.9797894000002998,5.004186247001897,8.336732359424687,1.0,0.0,100000
measured,73,14,1,normal_mean,100000,python_reference,,101,0.0,1.824486600002274,1.824486600002274,10.003732736712168,4.014955342619971,1.0,0.0,100000
measured,73,14,2,normal_mean,100000,dsl_full_w1,1,101,0.0043110999977216125,2.7109736999991583,2.720444200000202,10.008957229893548,4.0138725928769645,1.0,0.0,100000
measured,73,14,3,normal_mean,100000,dsl_full_w2,2,101,0.003913100001227576,2.5292074999997567,2.5393629999998666,10.008957229893548,4.0138725928769645,1.0,0.0,100000
measured,73,14,4,normal_mean,100000,numpy_native,,101,0.0,0.9609993000012764,0.9609993000012764,10.00373273671223,4.014955342619993,1.0,0.0,100000
measured,74,5,1,uniform_mean,10000,python_reference,,101,0.0,1.0655659000003652,1.0655659000003652,5.009158303096424,8.442724596701998,1.0,0.0,10000
measured,74,5,2,uniform_mean,10000,dsl_full_w2,2,101,0.0030107999991741963,2.4203785999998217,2.428133000001253,5.009158303096408,8.442724596701995,1.0,0.0,10000
measured,74,5,3,uniform_mean,10000,dsl_full_w1,1,101,0.003983800001151394,2.3527891999983694,2.3617252000003646,5.009158303096408,8.442724596701995,1.0,0.0,10000
measured,74,5,4,uniform_mean,10000,numpy_native,,101,0.0,0.9011447000011685,0.9011447000011685,5.009158303096408,8.442724596701995,1.0,0.0,10000
measured,75,9,1,discrete_mean,100000,dsl_full_w2,2,101,0.004586900002323091,2.4533231999994314,2.4633195999995223,17.023600000000002,61.23565539655396,1.0,0.0,100000
measured,75,9,2,discrete_mean,100000,numpy_native,,101,0.0,1.0022291999994195,1.0022291999994195,17.0134,61.13883182831828,1.0,0.0,100000
measured,75,9,3,discrete_mean,100000,python_reference,,101,0.0,1.68622360000154,1.68622360000154,17.013400000000193,61.13883182831891,1.0,0.0,100000
measured,75,9,4,discrete_mean,100000,dsl_full_w1,1,101,0.003455599999142578,2.4509534999997413,2.4617495000020426,17.023600000000002,61.23565539655396,1.0,0.0,100000
measured,76,10,1,discrete_mean,10000,dsl_full_w2,2,101,0.003473100001428975,2.4704947999998694,2.4789598999996088,17.048,61.39183518351836,1.0,0.0,10000
measured,76,10,2,discrete_mean,10000,numpy_native,,101,0.0,0.8988199000013992,0.8988199000013992,17.048,61.39183518351836,1.0,0.0,10000
measured,76,10,3,discrete_mean,10000,dsl_full_w1,1,101,0.004443000001629116,2.6913764999990235,2.7016868999999133,17.048,61.39183518351836,1.0,0.0,10000
measured,76,10,4,discrete_mean,10000,python_reference,,101,0.0,1.2217383999995945,1.2217383999995945,17.048000000000055,61.391835183518545,1.0,0.0,10000
measured,77,20,1,discrete_mean,100000,dsl_full_w2,2,101,0.0037467000001925044,2.6138930000015534,2.6238144999988435,17.023600000000002,61.23565539655396,1.0,0.0,100000
measured,77,20,2,discrete_mean,100000,numpy_native,,101,0.0,0.884844800002611,0.884844800002611,17.0134,61.13883182831828,1.0,0.0,100000
measured,77,20,3,discrete_mean,100000,dsl_full_w1,1,101,0.006474999998317799,2.5424714000000677,2.555670400000963,17.023600000000002,61.23565539655396,1.0,0.0,100000
measured,77,20,4,discrete_mean,100000,python_reference,,101,0.0,1.6580214000023261,1.6580214000023261,17.013400000000193,61.13883182831891,1.0,0.0,100000
measured,78,4,1,discrete_mean,1000000,python_reference,,101,0.0,5.921547000001738,5.921547000001738,17.006179999999734,61.01470282230615,1.0,0.0,1000000
measured,78,4,2,discrete_mean,1000000,dsl_full_w2,2,101,0.004020299998956034,3.837185500000487,3.8488704999981564,17.006380000000004,61.0053003009003,1.0,0.0,1000000
measured,78,4,3,discrete_mean,1000000,numpy_native,,101,0.0,1.1883607000017946,1.1883607000017946,17.00618,61.01470282230283,1.0,0.0,1000000
measured,78,4,4,discrete_mean,1000000,dsl_full_w1,1,101,0.009414500000275439,3.6961136999998416,3.7132471000004443,17.006380000000004,61.0053003009003,1.0,0.0,1000000
measured,79,10,1,uniform_mean,100000,dsl_full_w1,1,101,0.005653500000335043,2.645156300000963,2.6600453999999445,5.006012338679771,8.377145509510433,1.0,0.0,100000
measured,79,10,2,uniform_mean,100000,dsl_full_w2,2,101,0.0029360999978962354,2.583539600000222,2.5907212999991316,5.006012338679771,8.377145509510433,1.0,0.0,100000
measured,79,10,3,uniform_mean,100000,numpy_native,,101,0.0,0.984267899999395,0.984267899999395,5.004186247001897,8.336732359424687,1.0,0.0,100000
measured,79,10,4,uniform_mean,100000,python_reference,,101,0.0,1.5396618000013405,1.5396618000013405,5.004186247001891,8.336732359424765,1.0,0.0,100000
measured,80,21,1,linear_combination,1000000,python_reference,,101,0.0,5.981751800001803,5.981751800001803,28.992951169665,42.944607065847144,1.0,0.0,1000000
measured,80,21,2,linear_combination,1000000,dsl_full_w2,2,101,0.0031669999989389908,4.28187429999889,4.293376199999329,29.007276012049047,43.032742732594755,1.0,0.0,1000000
measured,80,21,3,linear_combination,1000000,dsl_full_w1,1,101,0.005477000002429122,4.114808599999378,4.1292453999994905,29.007276012049047,43.032742732594755,1.0,0.0,1000000
measured,80,21,4,linear_combination,1000000,numpy_native,,101,0.0,1.0083365999998932,1.0083365999998932,28.99295116966434,42.9446070658461,1.0,0.0,1000000
measured,81,2,1,linear_combination,1000000,python_reference,,101,0.0,5.399121499998728,5.399121499998728,28.992951169665,42.944607065847144,1.0,0.0,1000000
measured,81,2,2,linear_combination,1000000,numpy_native,,101,0.0,0.9247226000006776,0.9247226000006776,28.99295116966434,42.9446070658461,1.0,0.0,1000000
measured,81,2,3,linear_combination,1000000,dsl_full_w1,1,101,0.004994000002625398,3.8903714999978547,3.902971499999694,29.007276012049047,43.032742732594755,1.0,0.0,1000000
measured,81,2,4,linear_combination,1000000,dsl_full_w2,2,101,0.00681579999945825,4.239605099999608,4.250768800000515,29.007276012049047,43.032742732594755,1.0,0.0,1000000
measured,82,1,1,normal_mean,1000000,dsl_full_w2,2,101,0.007030299999314593,4.2176359000004595,4.230131199998141,10.00147606400736,4.01354213519083,1.0,0.0,1000000
measured,82,1,2,normal_mean,1000000,dsl_full_w1,1,101,0.008348400002432754,4.676462399998854,4.691230299999006,10.00147606400736,4.01354213519083,1.0,0.0,1000000
measured,82,1,3,normal_mean,1000000,numpy_native,,101,0.0,1.1074922000007064,1.1074922000007064,9.999605792812769,3.9957119793354225,1.0,0.0,1000000
measured,82,1,4,normal_mean,1000000,python_reference,,101,0.0,5.595711599999049,5.595711599999049,9.999605792813405,3.9957119793355207,1.0,0.0,1000000
measured,83,11,1,linear_combination,10000,numpy_native,,101,0.0,1.0131125999978394,1.0131125999978394,28.98519581130602,43.27884253996888,1.0,0.0,10000
measured,83,11,2,linear_combination,10000,dsl_full_w1,1,101,0.010198600000876468,2.6761679999981425,2.694364900002256,28.98519581130602,43.27884253996888,1.0,0.0,10000
measured,83,11,3,linear_combination,10000,python_reference,,101,0.0,1.29342589999942,1.29342589999942,28.98519581130601,43.278842539968764,1.0,0.0,10000
measured,83,11,4,linear_combination,10000,dsl_full_w2,2,101,0.005068499998742482,2.5088847000006353,2.5189844000015,28.98519581130602,43.27884253996888,1.0,0.0,10000
measured,84,15,1,uniform_mean,10000,dsl_full_w1,1,101,0.004146899998886511,2.3462478000001283,2.3589133999994374,5.009158303096408,8.442724596701995,1.0,0.0,10000
measured,84,15,2,uniform_mean,10000,dsl_full_w2,2,101,0.005286200001137331,2.579103000000032,2.5979688999977952,5.009158303096408,8.442724596701995,1.0,0.0,10000
measured,84,15,3,uniform_mean,10000,numpy_native,,101,0.0,1.0502220000016678,1.0502220000016678,5.009158303096408,8.442724596701995,1.0,0.0,10000
measured,84,15,4,uniform_mean,10000,python_reference,,101,0.0,1.6875722000004316,1.6875722000004316,5.009158303096424,8.442724596701998,1.0,0.0,10000
measured,85,20,1,uniform_mean,100000,dsl_full_w2,2,101,0.018498199999157805,2.9302753999982087,2.9593578000021807,5.006012338679771,8.377145509510433,1.0,0.0,100000
measured,85,20,2,uniform_mean,100000,python_reference,,101,0.0,1.537674600000173,1.537674600000173,5.004186247001891,8.336732359424765,1.0,0.0,100000
measured,85,20,3,uniform_mean,100000,numpy_native,,101,0.0,0.7204601999983424,0.7204601999983424,5.004186247001897,8.336732359424687,1.0,0.0,100000
measured,85,20,4,uniform_mean,100000,dsl_full_w1,1,101,0.004680500001995824,2.2960229000018444,2.305972099999053,5.006012338679771,8.377145509510433,1.0,0.0,100000
measured,86,18,1,normal_mean,100000,dsl_full_w1,1,101,0.00949159999800031,3.2840006000005815,3.2996574999997392,10.008957229893548,4.0138725928769645,1.0,0.0,100000
measured,86,18,2,normal_mean,100000,numpy_native,,101,0.0,1.0094217999976536,1.0094217999976536,10.00373273671223,4.014955342619993,1.0,0.0,100000
measured,86,18,3,normal_mean,100000,dsl_full_w2,2,101,0.008118800000374904,2.660491799997544,2.675061199999618,10.008957229893548,4.0138725928769645,1.0,0.0,100000
measured,86,18,4,normal_mean,100000,python_reference,,101,0.0,1.7653997999987041,1.7653997999987041,10.003732736712168,4.014955342619971,1.0,0.0,100000
measured,87,15,1,normal_mean,10000,dsl_full_w2,2,101,0.0035260000004200265,2.5566123999997217,2.5676628000001074,9.973087919767995,4.047907153268256,1.0,0.0,10000
measured,87,15,2,normal_mean,10000,dsl_full_w1,1,101,0.006760299998859409,2.697321899999224,2.708362400000624,9.973087919767995,4.047907153268256,1.0,0.0,10000
measured,87,15,3,normal_mean,10000,numpy_native,,101,0.0,0.8649188000017602,0.8649188000017602,9.973087919767995,4.047907153268256,1.0,0.0,10000
measured,87,15,4,normal_mean,10000,python_reference,,101,0.0,1.2065743999992264,1.2065743999992264,9.973087919767988,4.047907153268245,1.0,0.0,10000
measured,88,25,1,uniform_mean,1000000,dsl_full_w1,1,101,0.0030703999982506502,4.2106292999997095,4.219690499998251,5.002041273919748,8.328978121381377,1.0,0.0,1000000
measured,88,25,2,uniform_mean,1000000,numpy_native,,101,0.0,1.0148545000010927,1.0148545000010927,5.0022763266460135,8.333521927837207,1.0,0.0,1000000
measured,88,25,3,uniform_mean,1000000,dsl_full_w2,2,101,0.004936599998472957,4.079036900002393,4.090245100000175,5.002041273919748,8.328978121381377,1.0,0.0,1000000
measured,88,25,4,uniform_mean,1000000,python_reference,,101,0.0,5.251638700003241,5.251638700003241,5.002276326646218,8.333521927837188,1.0,0.0,1000000
measured,89,8,1,discrete_mean,1000000,numpy_native,,101,0.0,1.183005700000649,1.183005700000649,17.00618,61.01470282230283,1.0,0.0,1000000
measured,89,8,2,discrete_mean,1000000,dsl_full_w1,1,101,0.005324999998265412,3.7318764999981795,3.747501799996826,17.006380000000004,61.0053003009003,1.0,0.0,1000000
measured,89,8,3,discrete_mean,1000000,python_reference,,101,0.0,5.714878200000385,5.714878200000385,17.006179999999734,61.01470282230615,1.0,0.0,1000000
measured,89,8,4,discrete_mean,1000000,dsl_full_w2,2,101,0.00601499999902444,4.004395299998578,4.017063800001779,17.006380000000004,61.0053003009003,1.0,0.0,1000000
measured,90,30,1,linear_combination,10000,dsl_full_w2,2,101,0.005336800000804942,2.736969500001578,2.749764000000141,28.98519581130602,43.27884253996888,1.0,0.0,10000
measured,90,30,2,linear_combination,10000,python_reference,,101,0.0,1.2216365999993286,1.2216365999993286,28.98519581130601,43.278842539968764,1.0,0.0,10000
measured,90,30,3,linear_combination,10000,dsl_full_w1,1,101,0.003855999999359483,2.564354699999967,2.57313620000059,28.98519581130602,43.27884253996888,1.0,0.0,10000
measured,90,30,4,linear_combination,10000,numpy_native,,101,0.0,1.0868690999996033,1.0868690999996033,28.98519581130602,43.27884253996888,1.0,0.0,10000
measured,91,22,1,uniform_mean,1000000,dsl_full_w1,1,101,0.005217599999014055,4.615373299999192,4.626043599997502,5.002041273919748,8.328978121381377,1.0,0.0,1000000
measured,91,22,2,uniform_mean,1000000,dsl_full_w2,2,101,0.006886400002258597,4.502990100001625,4.515273300003173,5.002041273919748,8.328978121381377,1.0,0.0,1000000
measured,91,22,3,uniform_mean,1000000,python_reference,,101,0.0,6.109250800000154,6.109250800000154,5.002276326646218,8.333521927837188,1.0,0.0,1000000
measured,91,22,4,uniform_mean,1000000,numpy_native,,101,0.0,1.2146590000011201,1.2146590000011201,5.0022763266460135,8.333521927837207,1.0,0.0,1000000
measured,92,4,1,discrete_mean,100000,python_reference,,101,0.0,1.786308499998995,1.786308499998995,17.013400000000193,61.13883182831891,1.0,0.0,100000
measured,92,4,2,discrete_mean,100000,dsl_full_w1,1,101,0.0043570000016188715,2.9150336000020616,2.9274494999990566,17.023600000000002,61.23565539655396,1.0,0.0,100000
measured,92,4,3,discrete_mean,100000,dsl_full_w2,2,101,0.0050775000017893035,2.827827699999034,2.84364640000058,17.023600000000002,61.23565539655396,1.0,0.0,100000
measured,92,4,4,discrete_mean,100000,numpy_native,,101,0.0,1.0682067000016104,1.0682067000016104,17.0134,61.13883182831828,1.0,0.0,100000
measured,93,7,1,uniform_mean,1000000,numpy_native,,101,0.0,1.2374525000013818,1.2374525000013818,5.0022763266460135,8.333521927837207,1.0,0.0,1000000
measured,93,7,2,uniform_mean,1000000,dsl_full_w1,1,101,0.004861500001425156,4.656021099999634,4.667481899999984,5.002041273919748,8.328978121381377,1.0,0.0,1000000
measured,93,7,3,uniform_mean,1000000,python_reference,,101,0.0,6.242380499999854,6.242380499999854,5.002276326646218,8.333521927837188,1.0,0.0,1000000
measured,93,7,4,uniform_mean,1000000,dsl_full_w2,2,101,0.003321600001072511,6.159052999999403,6.16923830000087,5.002041273919748,8.328978121381377,1.0,0.0,1000000
measured,94,20,1,uniform_mean,1000000,dsl_full_w1,1,101,0.0026047000028484035,8.381331700002193,8.388156200002413,5.002041273919748,8.328978121381377,1.0,0.0,1000000
measured,94,20,2,uniform_mean,1000000,numpy_native,,101,0.0,1.1290509000027669,1.1290509000027669,5.0022763266460135,8.333521927837207,1.0,0.0,1000000
measured,94,20,3,uniform_mean,1000000,python_reference,,101,0.0,5.519436099999439,5.519436099999439,5.002276326646218,8.333521927837188,1.0,0.0,1000000
measured,94,20,4,uniform_mean,1000000,dsl_full_w2,2,101,0.0033620000031078234,4.545519700001023,4.553688799998781,5.002041273919748,8.328978121381377,1.0,0.0,1000000
measured,95,7,1,discrete_mean,10000,python_reference,,101,0.0,1.0445365000014135,1.0445365000014135,17.048000000000055,61.391835183518545,1.0,0.0,10000
measured,95,7,2,discrete_mean,10000,dsl_full_w1,1,101,0.0036177000001771376,2.262298899997404,2.2716567999996187,17.048,61.39183518351836,1.0,0.0,10000
measured,95,7,3,discrete_mean,10000,dsl_full_w2,2,101,0.008461599998554448,2.4845707999993465,2.4979905000000144,17.048,61.39183518351836,1.0,0.0,10000
measured,95,7,4,discrete_mean,10000,numpy_native,,101,0.0,0.9097331000011764,0.9097331000011764,17.048,61.39183518351836,1.0,0.0,10000
measured,96,20,1,normal_mean,100000,dsl_full_w2,2,101,0.007452699999703327,2.485902199998236,2.498220699999365,10.008957229893548,4.0138725928769645,1.0,0.0,100000
measured,96,20,2,normal_mean,100000,numpy_native,,101,0.0,0.9016536000017368,0.9016536000017368,10.00373273671223,4.014955342619993,1.0,0.0,100000
measured,96,20,3,normal_mean,100000,dsl_full_w1,1,101,0.0030680999989272095,2.407442399999127,2.415868500000215,10.008957229893548,4.0138725928769645,1.0,0.0,100000
measured,96,20,4,normal_mean,100000,python_reference,,101,0.0,1.5284656000003451,1.5284656000003451,10.003732736712168,4.014955342619971,1.0,0.0,100000
measured,97,21,1,discrete_mean,1000000,python_reference,,101,0.0,5.585437099998671,5.585437099998671,17.006179999999734,61.01470282230615,1.0,0.0,1000000
measured,97,21,2,discrete_mean,1000000,dsl_full_w2,2,101,0.0043867000022146385,4.271221500002866,4.284999799998332,17.006380000000004,61.0053003009003,1.0,0.0,1000000
measured,97,21,3,discrete_mean,1000000,numpy_native,,101,0.0,1.4481936000011046,1.4481936000011046,17.00618,61.01470282230283,1.0,0.0,1000000
measured,97,21,4,discrete_mean,1000000,dsl_full_w1,1,101,0.004273000002285698,3.907028100002208,3.9191456000007747,17.006380000000004,61.0053003009003,1.0,0.0,1000000
measured,98,24,1,discrete_mean,10000,dsl_full_w2,2,101,0.006134700000984594,4.596967499997845,4.610834399998566,17.048,61.39183518351836,1.0,0.0,10000
measured,98,24,2,discrete_mean,10000,python_reference,,101,0.0,1.307145800001308,1.307145800001308,17.048000000000055,61.391835183518545,1.0,0.0,10000
measured,98,24,3,discrete_mean,10000,dsl_full_w1,1,101,0.00380829999994603,2.9506818000008934,2.9615310999979556,17.048,61.39183518351836,1.0,0.0,10000
measured,98,24,4,discrete_mean,10000,numpy_native,,101,0.0,0.9343047000002116,0.9343047000002116,17.048,61.39183518351836,1.0,0.0,10000
measured,99,30,1,linear_combination,1000000,numpy_native,,101,0.0,1.112447899999097,1.112447899999097,28.99295116966434,42.9446070658461,1.0,0.0,1000000
measured,99,30,2,linear_combination,1000000,dsl_full_w1,1,101,0.003586800001357915,4.078438399999868,4.086511100002099,29.007276012049047,43.032742732594755,1.0,0.0,1000000
measured,99,30,3,linear_combination,1000000,python_reference,,101,0.0,5.6747811999994155,5.6747811999994155,28.992951169665,42.944607065847144,1.0,0.0,1000000
measured,99,30,4,linear_combination,1000000,dsl_full_w2,2,101,0.004050600000482518,4.596964299998945,4.605411099997582,29.007276012049047,43.032742732594755,1.0,0.0,1000000
measured,100,9,1,uniform_mean,100000,dsl_full_w2,2,101,0.004829400000744499,3.206171499998163,3.218445200000133,5.006012338679771,8.377145509510433,1.0,0.0,100000
measured,100,9,2,uniform_mean,100000,numpy_native,,101,0.0,1.1006412999995518,1.1006412999995518,5.004186247001897,8.336732359424687,1.0,0.0,100000
measured,100,9,3,uniform_mean,100000,dsl_full_w1,1,101,0.0030723000018042512,2.665391399998043,2.6775359000021126,5.006012338679771,8.377145509510433,1.0,0.0,100000
measured,100,9,4,uniform_mean,100000,python_reference,,101,0.0,1.660899899998185,1.660899899998185,5.004186247001891,8.336732359424765,1.0,0.0,100000
measured,101,24,1,normal_mean,10000,dsl_full_w2,2,101,0.002988500000355998,2.7550977999999304,2.764600700000301,9.973087919767995,4.047907153268256,1.0,0.0,10000
measured,101,24,2,normal_mean,10000,numpy_native,,101,0.0,1.0340238999997382,1.0340238999997382,9.973087919767995,4.047907153268256,1.0,0.0,10000
measured,101,24,3,normal_mean,10000,dsl_full_w1,1,101,0.0062939999988884665,3.711134500001208,3.7263495000006515,9.973087919767995,4.047907153268256,1.0,0.0,10000
measured,101,24,4,normal_mean,10000,python_reference,,101,0.0,1.2682463000019197,1.2682463000019197,9.973087919767988,4.047907153268245,1.0,0.0,10000
measured,102,19,1,linear_combination,10000,numpy_native,,101,0.0,0.6134315000017523,0.6134315000017523,28.98519581130602,43.27884253996888,1.0,0.0,10000
measured,102,19,2,linear_combination,10000,python_reference,,101,0.0,0.7655083999998169,0.7655083999998169,28.98519581130601,43.278842539968764,1.0,0.0,10000
measured,102,19,3,linear_combination,10000,dsl_full_w1,1,101,0.002647400000569178,1.9917654000018956,1.9991422000020975,28.98519581130602,43.27884253996888,1.0,0.0,10000
measured,102,19,4,linear_combination,10000,dsl_full_w2,2,101,0.005278399999951944,1.922593199997209,1.9392201999980898,28.98519581130602,43.27884253996888,1.0,0.0,10000
measured,103,26,1,discrete_mean,1000000,python_reference,,101,0.0,4.492719800000486,4.492719800000486,17.006179999999734,61.01470282230615,1.0,0.0,1000000
measured,103,26,2,discrete_mean,1000000,dsl_full_w2,2,101,0.005466800001158845,3.685314299997117,3.6945721000010963,17.006380000000004,61.0053003009003,1.0,0.0,1000000
measured,103,26,3,discrete_mean,1000000,numpy_native,,101,0.0,1.008210500000132,1.008210500000132,17.00618,61.01470282230283,1.0,0.0,1000000
measured,103,26,4,discrete_mean,1000000,dsl_full_w1,1,101,0.005974799998512026,4.315792299999885,4.326413099999627,17.006380000000004,61.0053003009003,1.0,0.0,1000000
measured,104,12,1,linear_combination,100000,dsl_full_w1,1,101,0.0062429000026895665,2.846465499998885,2.859807400000136,29.011803708660572,43.25939696591443,1.0,0.0,100000
measured,104,12,2,linear_combination,100000,numpy_native,,101,0.0,1.0871966000013344,1.0871966000013344,29.054709565439364,42.978853962159384,1.0,0.0,100000
measured,104,12,3,linear_combination,100000,dsl_full_w2,2,101,0.008679799997480586,3.277657899998303,3.2916839999998047,29.011803708660572,43.25939696591443,1.0,0.0,100000
measured,104,12,4,linear_combination,100000,python_reference,,101,0.0,1.2662711000011768,1.2662711000011768,29.054709565439047,42.97885396215865,1.0,0.0,100000
measured,105,5,1,uniform_mean,1000000,dsl_full_w2,2,101,0.003558200001862133,3.710556499998347,3.7187783000008494,5.002041273919748,8.328978121381377,1.0,0.0,1000000
measured,105,5,2,uniform_mean,1000000,numpy_native,,101,0.0,1.032143200001883,1.032143200001883,5.0022763266460135,8.333521927837207,1.0,0.0,1000000
measured,105,5,3,uniform_mean,1000000,dsl_full_w1,1,101,0.003492499999993015,3.12228210000103,3.2782728999991377,5.002041273919748,8.328978121381377,1.0,0.0,1000000
measured,105,5,4,uniform_mean,1000000,python_reference,,101,0.0,4.6237269999983255,4.6237269999983255,5.002276326646218,8.333521927837188,1.0,0.0,1000000
measured,106,23,1,discrete_mean,10000,dsl_full_w1,1,101,0.0030077000010351185,2.4215676999992866,2.4320079000026453,17.048,61.39183518351836,1.0,0.0,10000
measured,106,23,2,discrete_mean,10000,dsl_full_w2,2,101,0.0061687000015808735,1.8075513000003411,1.8190926999996009,17.048,61.39183518351836,1.0,0.0,10000
measured,106,23,3,discrete_mean,10000,python_reference,,101,0.0,0.7747347000004083,0.7747347000004083,17.048000000000055,61.391835183518545,1.0,0.0,10000
measured,106,23,4,discrete_mean,10000,numpy_native,,101,0.0,0.6711235000002489,0.6711235000002489,17.048,61.39183518351836,1.0,0.0,10000
measured,107,25,1,normal_mean,10000,dsl_full_w2,2,101,0.004215000000840519,1.8746921999991173,1.883345800000825,9.973087919767995,4.047907153268256,1.0,0.0,10000
measured,107,25,2,normal_mean,10000,numpy_native,,101,0.0,0.7244240999971225,0.7244240999971225,9.973087919767995,4.047907153268256,1.0,0.0,10000
measured,107,25,3,normal_mean,10000,dsl_full_w1,1,101,0.0035790000001725275,1.9345380999984627,1.9440299999987474,9.973087919767995,4.047907153268256,1.0,0.0,10000
measured,107,25,4,normal_mean,10000,python_reference,,101,0.0,0.9956564999993134,0.9956564999993134,9.973087919767988,4.047907153268245,1.0,0.0,10000
measured,108,27,1,uniform_mean,10000,python_reference,,101,0.0,1.0066360000018904,1.0066360000018904,5.009158303096424,8.442724596701998,1.0,0.0,10000
measured,108,27,2,uniform_mean,10000,dsl_full_w1,1,101,0.0037172999982431065,2.545613800000865,2.552976300001319,5.009158303096408,8.442724596701995,1.0,0.0,10000
measured,108,27,3,uniform_mean,10000,dsl_full_w2,2,101,0.003088100002059946,2.3463516000010713,2.3531822999975702,5.009158303096408,8.442724596701995,1.0,0.0,10000
measured,108,27,4,uniform_mean,10000,numpy_native,,101,0.0,1.083798999999999,1.083798999999999,5.009158303096408,8.442724596701995,1.0,0.0,10000
measured,109,11,1,normal_mean,10000,dsl_full_w2,2,101,0.003567399999155896,2.8254978000004485,2.8327785000001313,9.973087919767995,4.047907153268256,1.0,0.0,10000
measured,109,11,2,normal_mean,10000,dsl_full_w1,1,101,0.005946400000539143,5.941808299998229,5.951811299997644,9.973087919767995,4.047907153268256,1.0,0.0,10000
measured,109,11,3,normal_mean,10000,python_reference,,101,0.0,1.7718757999973604,1.7718757999973604,9.973087919767988,4.047907153268245,1.0,0.0,10000
measured,109,11,4,normal_mean,10000,numpy_native,,101,0.0,0.8157561000007263,0.8157561000007263,9.973087919767995,4.047907153268256,1.0,0.0,10000
measured,110,29,1,discrete_mean,100000,dsl_full_w1,1,101,0.005760000000009313,2.090860899999825,2.101487600000837,17.023600000000002,61.23565539655396,1.0,0.0,100000
measured,110,29,2,discrete_mean,100000,python_reference,,101,0.0,1.3216589000003296,1.3216589000003296,17.013400000000193,61.13883182831891,1.0,0.0,100000
measured,110,29,3,discrete_mean,100000,dsl_full_w2,2,101,0.006203299999469891,2.1398953999996593,2.1501822999998694,17.023600000000002,61.23565539655396,1.0,0.0,100000
measured,110,29,4,discrete_mean,100000,numpy_native,,101,0.0,0.6605727999994997,0.6605727999994997,17.0134,61.13883182831828,1.0,0.0,100000
measured,111,2,1,linear_combination,100000,numpy_native,,101,0.0,0.6581988000034471,0.6581988000034471,29.054709565439364,42.978853962159384,1.0,0.0,100000
measured,111,2,2,linear_combination,100000,python_reference,,101,0.0,1.1076878999992914,1.1076878999992914,29.054709565439047,42.97885396215865,1.0,0.0,100000
measured,111,2,3,linear_combination,100000,dsl_full_w2,2,101,0.005554800001846161,1.9644609000024502,1.9744141999981366,29.011803708660572,43.25939696591443,1.0,0.0,100000
measured,111,2,4,linear_combination,100000,dsl_full_w1,1,101,0.0034474999993108213,1.806751299998723,1.8144249999968451,29.011803708660572,43.25939696591443,1.0,0.0,100000
measured,112,4,1,discrete_mean,10000,dsl_full_w2,2,101,0.0035037000016018283,1.6644457000002149,1.675333099999989,17.048,61.39183518351836,1.0,0.0,10000
measured,112,4,2,discrete_mean,10000,numpy_native,,101,0.0,0.6652438000019174,0.6652438000019174,17.048,61.39183518351836,1.0,0.0,10000
measured,112,4,3,discrete_mean,10000,dsl_full_w1,1,101,0.003413499998714542,1.6902085000001534,1.698600700001407,17.048,61.39183518351836,1.0,0.0,10000
measured,112,4,4,discrete_mean,10000,python_reference,,101,0.0,0.7860878999999841,0.7860878999999841,17.048000000000055,61.391835183518545,1.0,0.0,10000
measured,113,27,1,normal_mean,100000,python_reference,,101,0.0,1.0985584000009112,1.0985584000009112,10.003732736712168,4.014955342619971,1.0,0.0,100000
measured,113,27,2,normal_mean,100000,dsl_full_w2,2,101,0.0026655999972717836,1.9203173000023526,1.9282939000004262,10.008957229893548,4.0138725928769645,1.0,0.0,100000
measured,113,27,3,normal_mean,100000,dsl_full_w1,1,101,0.003361099999892758,1.7129662000006647,1.7203262000002724,10.008957229893548,4.0138725928769645,1.0,0.0,100000
measured,113,27,4,normal_mean,100000,numpy_native,,101,0.0,0.6666426999981923,0.6666426999981923,10.00373273671223,4.014955342619993,1.0,0.0,100000
measured,114,8,1,linear_combination,10000,numpy_native,,101,0.0,0.6405544000008376,0.6405544000008376,28.98519581130602,43.27884253996888,1.0,0.0,10000
measured,114,8,2,linear_combination,10000,python_reference,,101,0.0,0.7769926999972085,0.7769926999972085,28.98519581130601,43.278842539968764,1.0,0.0,10000
measured,114,8,3,linear_combination,10000,dsl_full_w2,2,101,0.0046738999990338925,1.6744977999987896,1.6840990999990026,28.98519581130602,43.27884253996888,1.0,0.0,10000
measured,114,8,4,linear_combination,10000,dsl_full_w1,1,101,0.0037568000007013325,1.6817468000008375,1.6897895000001881,28.98519581130602,43.27884253996888,1.0,0.0,10000
measured,115,23,1,normal_mean,100000,dsl_full_w2,2,101,0.00329770000098506,1.9421059000014793,1.9514958999970986,10.008957229893548,4.0138725928769645,1.0,0.0,100000
measured,115,23,2,normal_mean,100000,numpy_native,,101,0.0,0.647527999997692,0.647527999997692,10.00373273671223,4.014955342619993,1.0,0.0,100000
measured,115,23,3,normal_mean,100000,python_reference,,101,0.0,1.1083947000006447,1.1083947000006447,10.003732736712168,4.014955342619971,1.0,0.0,100000
measured,115,23,4,normal_mean,100000,dsl_full_w1,1,101,0.0027359999985492323,1.684465199999977,1.692107599999872,10.008957229893548,4.0138725928769645,1.0,0.0,100000
measured,116,6,1,normal_mean,1000000,numpy_native,,101,0.0,0.7524010999986785,0.7524010999986785,9.999605792812769,3.9957119793354225,1.0,0.0,1000000
measured,116,6,2,normal_mean,1000000,dsl_full_w2,2,101,0.0032408999977633357,3.255850100002135,3.263733700001467,10.00147606400736,4.01354213519083,1.0,0.0,1000000
measured,116,6,3,normal_mean,1000000,python_reference,,101,0.0,4.290590800002974,4.290590800002974,9.999605792813405,3.9957119793355207,1.0,0.0,1000000
measured,116,6,4,normal_mean,1000000,dsl_full_w1,1,101,0.002647199999046279,3.562499100000423,3.570315799999662,10.00147606400736,4.01354213519083,1.0,0.0,1000000
measured,117,27,1,discrete_mean,100000,dsl_full_w2,2,101,0.0032105000027513597,2.0129503999996814,2.0242295999996713,17.023600000000002,61.23565539655396,1.0,0.0,100000
measured,117,27,2,discrete_mean,100000,dsl_full_w1,1,101,0.003958000001148321,1.7069221000019752,1.7150870000004943,17.023600000000002,61.23565539655396,1.0,0.0,100000
measured,117,27,3,discrete_mean,100000,python_reference,,101,0.0,1.1034586999994644,1.1034586999994644,17.013400000000193,61.13883182831891,1.0,0.0,100000
measured,117,27,4,discrete_mean,100000,numpy_native,,101,0.0,0.6268357999979344,0.6268357999979344,17.0134,61.13883182831828,1.0,0.0,100000
measured,118,6,1,linear_combination,1000000,dsl_full_w2,2,101,0.003751399999600835,3.2373134000008577,3.2458986999990884,29.007276012049047,43.032742732594755,1.0,0.0,1000000
measured,118,6,2,linear_combination,1000000,python_reference,,101,0.0,4.284329300000536,4.284329300000536,28.992951169665,42.944607065847144,1.0,0.0,1000000
measured,118,6,3,linear_combination,1000000,dsl_full_w1,1,101,0.005270199999358738,2.9021639000020514,2.9116039000000455,29.007276012049047,43.032742732594755,1.0,0.0,1000000
measured,118,6,4,linear_combination,1000000,numpy_native,,101,0.0,0.7726042000031157,0.7726042000031157,28.99295116966434,42.9446070658461,1.0,0.0,1000000
measured,119,13,1,linear_combination,1000000,dsl_full_w1,1,101,0.005807699999422766,2.8896381000013207,2.899666699999216,29.007276012049047,43.032742732594755,1.0,0.0,1000000
measured,119,13,2,linear_combination,1000000,numpy_native,,101,0.0,0.8828840999995009,0.8828840999995009,28.99295116966434,42.9446070658461,1.0,0.0,1000000
measured,119,13,3,linear_combination,1000000,python_reference,,101,0.0,4.699236500000552,4.699236500000552,28.992951169665,42.944607065847144,1.0,0.0,1000000
measured,119,13,4,linear_combination,1000000,dsl_full_w2,2,101,0.004036800000903895,3.198317700000189,3.2083082999997714,29.007276012049047,43.032742732594755,1.0,0.0,1000000
measured,120,30,1,linear_combination,100000,python_reference,,101,0.0,1.095509700000548,1.095509700000548,29.054709565439047,42.97885396215865,1.0,0.0,100000
measured,120,30,2,linear_combination,100000,dsl_full_w2,2,101,0.005679300000338117,1.9237948000009055,1.9334971999996924,29.011803708660572,43.25939696591443,1.0,0.0,100000
measured,120,30,3,linear_combination,100000,dsl_full_w1,1,101,0.0035107000003335997,1.7028659999996307,1.710442999999941,29.011803708660572,43.25939696591443,1.0,0.0,100000
measured,120,30,4,linear_combination,100000,numpy_native,,101,0.0,0.6837362000005669,0.6837362000005669,29.054709565439364,42.978853962159384,1.0,0.0,100000
measured,121,28,1,normal_mean,1000000,dsl_full_w2,2,101,0.003041699997993419,3.204157000000123,3.2129396999989694,10.00147606400736,4.01354213519083,1.0,0.0,1000000
measured,121,28,2,normal_mean,1000000,dsl_full_w1,1,101,0.005604599999060156,2.9735117000018363,2.9831023999977333,10.00147606400736,4.01354213519083,1.0,0.0,1000000
measured,121,28,3,normal_mean,1000000,python_reference,,101,0.0,4.21421669999836,4.21421669999836,9.999605792813405,3.9957119793355207,1.0,0.0,1000000
measured,121,28,4,normal_mean,1000000,numpy_native,,101,0.0,0.7290796999986924,0.7290796999986924,9.999605792812769,3.9957119793354225,1.0,0.0,1000000
measured,122,11,1,normal_mean,100000,numpy_native,,101,0.0,0.652226400001382,0.652226400001382,10.00373273671223,4.014955342619993,1.0,0.0,100000
measured,122,11,2,normal_mean,100000,dsl_full_w1,1,101,0.003962000002502464,1.7223144999989017,1.7332980000028329,10.008957229893548,4.0138725928769645,1.0,0.0,100000
measured,122,11,3,normal_mean,100000,dsl_full_w2,2,101,0.0033242000026803,1.9668160999972315,1.9761256000019785,10.008957229893548,4.0138725928769645,1.0,0.0,100000
measured,122,11,4,normal_mean,100000,python_reference,,101,0.0,1.1375832000012451,1.1375832000012451,10.003732736712168,4.014955342619971,1.0,0.0,100000
measured,123,4,1,uniform_mean,1000000,python_reference,,101,0.0,4.215254200000345,4.215254200000345,5.002276326646218,8.333521927837188,1.0,0.0,1000000
measured,123,4,2,uniform_mean,1000000,dsl_full_w1,1,101,0.005078099999082042,2.939742500002467,2.949237400000129,5.002041273919748,8.328978121381377,1.0,0.0,1000000
measured,123,4,3,uniform_mean,1000000,dsl_full_w2,2,101,0.0030674999979964923,3.1905643999998574,3.201241700000537,5.002041273919748,8.328978121381377,1.0,0.0,1000000
measured,123,4,4,uniform_mean,1000000,numpy_native,,101,0.0,0.7301298999991559,0.7301298999991559,5.0022763266460135,8.333521927837207,1.0,0.0,1000000
measured,124,13,1,uniform_mean,10000,dsl_full_w2,2,101,0.00298060000204714,1.6592921000010392,1.6669801999996707,5.009158303096408,8.442724596701995,1.0,0.0,10000
measured,124,13,2,uniform_mean,10000,numpy_native,,101,0.0,0.647699700002704,0.647699700002704,5.009158303096408,8.442724596701995,1.0,0.0,10000
measured,124,13,3,uniform_mean,10000,dsl_full_w1,1,101,0.004222299998218659,1.6674765999996453,1.6771315000005416,5.009158303096408,8.442724596701995,1.0,0.0,10000
measured,124,13,4,uniform_mean,10000,python_reference,,101,0.0,0.7888366999977734,0.7888366999977734,5.009158303096424,8.442724596701998,1.0,0.0,10000
measured,125,1,1,uniform_mean,10000,dsl_full_w2,2,101,0.002820000001520384,1.6700098000001162,1.681202799998573,5.009158303096408,8.442724596701995,1.0,0.0,10000
measured,125,1,2,uniform_mean,10000,dsl_full_w1,1,101,0.0034879000013461336,1.667414600000484,1.6772231000031752,5.009158303096408,8.442724596701995,1.0,0.0,10000
measured,125,1,3,uniform_mean,10000,numpy_native,,101,0.0,0.6360627000030945,0.6360627000030945,5.009158303096408,8.442724596701995,1.0,0.0,10000
measured,125,1,4,uniform_mean,10000,python_reference,,101,0.0,0.7814566000015475,0.7814566000015475,5.009158303096424,8.442724596701998,1.0,0.0,10000
measured,126,14,1,linear_combination,1000000,dsl_full_w1,1,101,0.005522600000404054,2.918548400000873,2.93077859999903,29.007276012049047,43.032742732594755,1.0,0.0,1000000
measured,126,14,2,linear_combination,1000000,python_reference,,101,0.0,4.384475299997575,4.384475299997575,28.992951169665,42.944607065847144,1.0,0.0,1000000
measured,126,14,3,linear_combination,1000000,dsl_full_w2,2,101,0.002956700001959689,3.193161899998813,3.2008783999990555,29.007276012049047,43.032742732594755,1.0,0.0,1000000
measured,126,14,4,linear_combination,1000000,numpy_native,,101,0.0,0.7715104999988398,0.7715104999988398,28.99295116966434,42.9446070658461,1.0,0.0,1000000
measured,127,4,1,normal_mean,10000,python_reference,,101,0.0,0.769783899999311,0.769783899999311,9.973087919767988,4.047907153268245,1.0,0.0,10000
measured,127,4,2,normal_mean,10000,dsl_full_w2,2,101,0.005592800000158604,1.7018556000002718,1.7116688000023714,9.973087919767995,4.047907153268256,1.0,0.0,10000
measured,127,4,3,normal_mean,10000,numpy_native,,101,0.0,0.6421345000017027,0.6421345000017027,9.973087919767995,4.047907153268256,1.0,0.0,10000
measured,127,4,4,normal_mean,10000,dsl_full_w1,1,101,0.0031127999973250553,1.6692430000002787,1.6769085000014456,9.973087919767995,4.047907153268256,1.0,0.0,10000
measured,128,14,1,uniform_mean,1000000,python_reference,,101,0.0,4.257939499999338,4.257939499999338,5.002276326646218,8.333521927837188,1.0,0.0,1000000
measured,128,14,2,uniform_mean,1000000,dsl_full_w1,1,101,0.0025996000003942754,2.901600499997585,2.9121930000001157,5.002041273919748,8.328978121381377,1.0,0.0,1000000
measured,128,14,3,uniform_mean,1000000,dsl_full_w2,2,101,0.0036029000002599787,3.2112262999980885,3.219146200000978,5.002041273919748,8.328978121381377,1.0,0.0,1000000
measured,128,14,4,uniform_mean,1000000,numpy_native,,101,0.0,0.7259194999969623,0.7259194999969623,5.0022763266460135,8.333521927837207,1.0,0.0,1000000
measured,129,29,1,uniform_mean,1000000,dsl_full_w1,1,101,0.005225500000960892,2.931057300000248,2.941003100000671,5.002041273919748,8.328978121381377,1.0,0.0,1000000
measured,129,29,2,uniform_mean,1000000,numpy_native,,101,0.0,0.7319164000000455,0.7319164000000455,5.0022763266460135,8.333521927837207,1.0,0.0,1000000
measured,129,29,3,uniform_mean,1000000,python_reference,,101,0.0,4.204279699999461,4.204279699999461,5.002276326646218,8.333521927837188,1.0,0.0,1000000
measured,129,29,4,uniform_mean,1000000,dsl_full_w2,2,101,0.002968400000099791,3.093532499999128,3.101187899999786,5.002041273919748,8.328978121381377,1.0,0.0,1000000
measured,130,2,1,uniform_mean,100000,dsl_full_w1,1,101,0.0030563999971491285,1.6892771999991965,1.6970777999995335,5.006012338679771,8.377145509510433,1.0,0.0,100000
measured,130,2,2,uniform_mean,100000,python_reference,,101,0.0,1.0901318000032916,1.0901318000032916,5.004186247001891,8.336732359424765,1.0,0.0,100000
measured,130,2,3,uniform_mean,100000,dsl_full_w2,2,101,0.005592299999989336,1.9335505999988527,1.9463810000015656,5.006012338679771,8.377145509510433,1.0,0.0,100000
measured,130,2,4,uniform_mean,100000,numpy_native,,101,0.0,0.6496894000010798,0.6496894000010798,5.004186247001897,8.336732359424687,1.0,0.0,100000
measured,131,27,1,linear_combination,1000000,python_reference,,101,0.0,4.347370100000262,4.347370100000262,28.992951169665,42.944607065847144,1.0,0.0,1000000
measured,131,27,2,linear_combination,1000000,dsl_full_w2,2,101,0.0031510000007983763,3.620713899999828,3.6302615999993577,29.007276012049047,43.032742732594755,1.0,0.0,1000000
measured,131,27,3,linear_combination,1000000,dsl_full_w1,1,101,0.003988500000559725,2.9176483000010194,2.926464100000885,29.007276012049047,43.032742732594755,1.0,0.0,1000000
measured,131,27,4,linear_combination,1000000,numpy_native,,101,0.0,0.7812048999985564,0.7812048999985564,28.99295116966434,42.9446070658461,1.0,0.0,1000000
measured,132,7,1,discrete_mean,100000,python_reference,,101,0.0,1.111886399998184,1.111886399998184,17.013400000000193,61.13883182831891,1.0,0.0,100000
measured,132,7,2,discrete_mean,100000,dsl_full_w1,1,101,0.0030710000028193463,1.68058750000273,1.6883637000028102,17.023600000000002,61.23565539655396,1.0,0.0,100000
measured,132,7,3,discrete_mean,100000,dsl_full_w2,2,101,0.006385399999999208,1.9326550000005227,1.942919000000984,17.023600000000002,61.23565539655396,1.0,0.0,100000
measured,132,7,4,discrete_mean,100000,numpy_native,,101,0.0,0.675509200002125,0.675509200002125,17.0134,61.13883182831828,1.0,0.0,100000
measured,133,10,1,normal_mean,100000,dsl_full_w1,1,101,0.004182500000752043,1.6602372999986983,1.6685821999999462,10.008957229893548,4.0138725928769645,1.0,0.0,100000
measured,133,10,2,normal_mean,100000,dsl_full_w2,2,101,0.0040512000014132354,1.931220399997983,1.9417761000004248,10.008957229893548,4.0138725928769645,1.0,0.0,100000
measured,133,10,3,normal_mean,100000,python_reference,,101,0.0,1.086810400000104,1.086810400000104,10.003732736712168,4.014955342619971,1.0,0.0,100000
measured,133,10,4,normal_mean,100000,numpy_native,,101,0.0,0.6145071999999345,0.6145071999999345,10.00373273671223,4.014955342619993,1.0,0.0,100000
measured,134,8,1,discrete_mean,100000,dsl_full_w2,2,101,0.00376460000188672,1.9401462999994692,1.9483751000007032,17.023600000000002,61.23565539655396,1.0,0.0,100000
measured,134,8,2,discrete_mean,100000,dsl_full_w1,1,101,0.0033084999995480757,1.6924321000005875,1.7005471000011312,17.023600000000002,61.23565539655396,1.0,0.0,100000
measured,134,8,3,discrete_mean,100000,python_reference,,101,0.0,1.09893209999791,1.09893209999791,17.013400000000193,61.13883182831891,1.0,0.0,100000
measured,134,8,4,discrete_mean,100000,numpy_native,,101,0.0,0.6331697999994503,0.6331697999994503,17.0134,61.13883182831828,1.0,0.0,100000
measured,135,3,1,normal_mean,1000000,dsl_full_w2,2,101,0.003290799999376759,3.2009767000017746,3.210857500002021,10.00147606400736,4.01354213519083,1.0,0.0,1000000
measured,135,3,2,normal_mean,1000000,numpy_native,,101,0.0,0.7536345000007714,0.7536345000007714,9.999605792812769,3.9957119793354225,1.0,0.0,1000000
measured,135,3,3,normal_mean,1000000,python_reference,,101,0.0,4.254253700000845,4.254253700000845,9.999605792813405,3.9957119793355207,1.0,0.0,1000000
measured,135,3,4,normal_mean,1000000,dsl_full_w1,1,101,0.004292200002964819,2.9963209999987157,3.0046154000010574,10.00147606400736,4.01354213519083,1.0,0.0,1000000
measured,136,16,1,normal_mean,10000,numpy_native,,101,0.0,0.6087035000018659,0.6087035000018659,9.973087919767995,4.047907153268256,1.0,0.0,10000
measured,136,16,2,normal_mean,10000,dsl_full_w1,1,101,0.0029473000031430274,1.6459680999978445,1.6566044000028342,9.973087919767995,4.047907153268256,1.0,0.0,10000
measured,136,16,3,normal_mean,10000,dsl_full_w2,2,101,0.0032131000007211696,1.6110785999990185,1.6190951999997196,9.973087919767995,4.047907153268256,1.0,0.0,10000
measured,136,16,4,normal_mean,10000,python_reference,,101,0.0,0.7831502999979421,0.7831502999979421,9.973087919767988,4.047907153268245,1.0,0.0,10000
measured,137,18,1,linear_combination,10000,dsl_full_w1,1,101,0.00419529999999213,1.606526899999153,1.6173813000023074,28.98519581130602,43.27884253996888,1.0,0.0,10000
measured,137,18,2,linear_combination,10000,python_reference,,101,0.0,0.7698602999989816,0.7698602999989816,28.98519581130601,43.278842539968764,1.0,0.0,10000
measured,137,18,3,linear_combination,10000,dsl_full_w2,2,101,0.0044166000006953254,1.6807675999989442,1.6891546000006201,28.98519581130602,43.27884253996888,1.0,0.0,10000
measured,137,18,4,linear_combination,10000,numpy_native,,101,0.0,0.6313315000006696,0.6313315000006696,28.98519581130602,43.27884253996888,1.0,0.0,10000
measured,138,3,1,uniform_mean,10000,python_reference,,101,0.0,0.7865392999992764,0.7865392999992764,5.009158303096424,8.442724596701998,1.0,0.0,10000
measured,138,3,2,uniform_mean,10000,numpy_native,,101,0.0,0.6373469999998633,0.6373469999998633,5.009158303096408,8.442724596701995,1.0,0.0,10000
measured,138,3,3,uniform_mean,10000,dsl_full_w2,2,101,0.0051301999992574565,1.669636900001933,1.6789011000000755,5.009158303096408,8.442724596701995,1.0,0.0,10000
measured,138,3,4,uniform_mean,10000,dsl_full_w1,1,101,0.005236600001808256,1.619418800000858,1.6289553999995405,5.009158303096408,8.442724596701995,1.0,0.0,10000
measured,139,18,1,discrete_mean,1000000,dsl_full_w2,2,101,0.004345500001363689,2.832812800003012,2.84143739999854,17.006380000000004,61.0053003009003,1.0,0.0,1000000
measured,139,18,2,discrete_mean,1000000,numpy_native,,101,0.0,0.7608987000021443,0.7608987000021443,17.00618,61.01470282230283,1.0,0.0,1000000
measured,139,18,3,discrete_mean,1000000,dsl_full_w1,1,101,0.003181899999617599,2.554044000000431,2.56132830000206,17.006380000000004,61.0053003009003,1.0,0.0,1000000
measured,139,18,4,discrete_mean,1000000,python_reference,,101,0.0,4.203135499999917,4.203135499999917,17.006179999999734,61.01470282230615,1.0,0.0,1000000
measured,140,13,1,discrete_mean,1000000,numpy_native,,101,0.0,0.7416613999994297,0.7416613999994297,17.00618,61.01470282230283,1.0,0.0,1000000
measured,140,13,2,discrete_mean,1000000,dsl_full_w2,2,101,0.005142599999089725,2.849910400000226,2.859702699999616,17.006380000000004,61.0053003009003,1.0,0.0,1000000
measured,140,13,3,discrete_mean,1000000,python_reference,,101,0.0,4.248599999998987,4.248599999998987,17.006179999999734,61.01470282230615,1.0,0.0,1000000
measured,140,13,4,discrete_mean,1000000,dsl_full_w1,1,101,0.0030616999974881765,2.556739900002867,2.567109600000549,17.006380000000004,61.0053003009003,1.0,0.0,1000000
measured,141,27,1,linear_combination,100000,python_reference,,101,0.0,1.0864015000006475,1.0864015000006475,29.054709565439047,42.97885396215865,1.0,0.0,100000
measured,141,27,2,linear_combination,100000,dsl_full_w1,1,101,0.0029480999983206857,1.6829502000000502,1.6929535000017495,29.011803708660572,43.25939696591443,1.0,0.0,100000
measured,141,27,3,linear_combination,100000,numpy_native,,101,0.0,0.6559911999975157,0.6559911999975157,29.054709565439364,42.978853962159384,1.0,0.0,100000
measured,141,27,4,linear_combination,100000,dsl_full_w2,2,101,0.006823300001997268,1.9413262999987637,1.9533633999999438,29.011803708660572,43.25939696591443,1.0,0.0,100000
measured,142,4,1,linear_combination,1000000,dsl_full_w2,2,101,0.0038985999999567866,3.1831443999981275,3.191459899997426,29.007276012049047,43.032742732594755,1.0,0.0,1000000
measured,142,4,2,linear_combination,1000000,dsl_full_w1,1,101,0.003393400002096314,2.8952449999997043,2.903229999999894,29.007276012049047,43.032742732594755,1.0,0.0,1000000
measured,142,4,3,linear_combination,1000000,numpy_native,,101,0.0,0.7783553999979631,0.7783553999979631,28.99295116966434,42.9446070658461,1.0,0.0,1000000
measured,142,4,4,linear_combination,1000000,python_reference,,101,0.0,4.305449700001191,4.305449700001191,28.992951169665,42.944607065847144,1.0,0.0,1000000
measured,143,6,1,discrete_mean,1000000,dsl_full_w1,1,101,0.004566399999021087,2.554415300000983,2.563565100001142,17.006380000000004,61.0053003009003,1.0,0.0,1000000
measured,143,6,2,discrete_mean,1000000,numpy_native,,101,0.0,0.7588625999997021,0.7588625999997021,17.00618,61.01470282230283,1.0,0.0,1000000
measured,143,6,3,discrete_mean,1000000,dsl_full_w2,2,101,0.0064142999981413595,2.862888199997542,2.873334200001409,17.006380000000004,61.0053003009003,1.0,0.0,1000000
measured,143,6,4,discrete_mean,1000000,python_reference,,101,0.0,4.337470200000098,4.337470200000098,17.006179999999734,61.01470282230615,1.0,0.0,1000000
measured,144,21,1,uniform_mean,1000000,dsl_full_w2,2,101,0.002990100001625251,3.2103019999995013,3.218138699998235,5.002041273919748,8.328978121381377,1.0,0.0,1000000
measured,144,21,2,uniform_mean,1000000,dsl_full_w1,1,101,0.0032387999999627937,2.944909400001052,2.9528241000007256,5.002041273919748,8.328978121381377,1.0,0.0,1000000
measured,144,21,3,uniform_mean,1000000,python_reference,,101,0.0,4.315040599998611,4.315040599998611,5.002276326646218,8.333521927837188,1.0,0.0,1000000
measured,144,21,4,uniform_mean,1000000,numpy_native,,101,0.0,0.6960639999997511,0.6960639999997511,5.0022763266460135,8.333521927837207,1.0,0.0,1000000
measured,145,29,1,uniform_mean,100000,dsl_full_w1,1,101,0.003411099998629652,1.7600130999999237,1.7729661999983364,5.006012338679771,8.377145509510433,1.0,0.0,100000
measured,145,29,2,uniform_mean,100000,numpy_native,,101,0.0,0.6525508999984595,0.6525508999984595,5.004186247001897,8.336732359424687,1.0,0.0,100000
measured,145,29,3,uniform_mean,100000,python_reference,,101,0.0,1.090462900003331,1.090462900003331,5.004186247001891,8.336732359424765,1.0,0.0,100000
measured,145,29,4,uniform_mean,100000,dsl_full_w2,2,101,0.0027200000004086178,1.9460539000028803,1.9538177000031283,5.006012338679771,8.377145509510433,1.0,0.0,100000
measured,146,13,1,normal_mean,1000000,dsl_full_w1,1,101,0.0035579000032157637,2.8936345000001893,2.9042717999982415,10.00147606400736,4.01354213519083,1.0,0.0,1000000
measured,146,13,2,normal_mean,1000000,python_reference,,101,0.0,4.292802100000699,4.292802100000699,9.999605792813405,3.9957119793355207,1.0,0.0,1000000
measured,146,13,3,normal_mean,1000000,dsl_full_w2,2,101,0.002992399997310713,3.2121953000023495,3.2203157000003557,10.00147606400736,4.01354213519083,1.0,0.0,1000000
measured,146,13,4,normal_mean,1000000,numpy_native,,101,0.0,0.7503098999986832,0.7503098999986832,9.999605792812769,3.9957119793354225,1.0,0.0,1000000
measured,147,11,1,discrete_mean,10000,numpy_native,,101,0.0,0.6385840000002645,0.6385840000002645,17.048,61.39183518351836,1.0,0.0,10000
measured,147,11,2,discrete_mean,10000,python_reference,,101,0.0,0.7667562000024191,0.7667562000024191,17.048000000000055,61.391835183518545,1.0,0.0,10000
measured,147,11,3,discrete_mean,10000,dsl_full_w1,1,101,0.007480699998268392,1.6891224999999395,1.7013085999969917,17.048,61.39183518351836,1.0,0.0,10000
measured,147,11,4,discrete_mean,10000,dsl_full_w2,2,101,0.003965799998695729,1.9137820000032661,1.9219779999984894,17.048,61.39183518351836,1.0,0.0,10000
measured,148,25,1,linear_combination,10000,python_reference,,101,0.0,0.8256026999988535,0.8256026999988535,28.98519581130601,43.278842539968764,1.0,0.0,10000
measured,148,25,2,linear_combination,10000,dsl_full_w2,2,101,0.0036727999977301806,1.673484399998415,1.6814913000016531,28.98519581130602,43.27884253996888,1.0,0.0,10000
measured,148,25,3,linear_combination,10000,numpy_native,,101,0.0,0.642743899999914,0.642743899999914,28.98519581130602,43.27884253996888,1.0,0.0,10000
measured,148,25,4,linear_combination,10000,dsl_full_w1,1,101,0.003301099997770507,1.6643911999999546,1.6717898999995668,28.98519581130602,43.27884253996888,1.0,0.0,10000
measured,149,27,1,discrete_mean,10000,dsl_full_w1,1,101,0.0036509000019577798,1.71207730000242,1.7238142999995034,17.048,61.39183518351836,1.0,0.0,10000
measured,149,27,2,discrete_mean,10000,dsl_full_w2,2,101,0.003766199999517994,1.7127089999994496,1.7203082999985781,17.048,61.39183518351836,1.0,0.0,10000
measured,149,27,3,discrete_mean,10000,numpy_native,,101,0.0,0.6693940000004659,0.6693940000004659,17.048,61.39183518351836,1.0,0.0,10000
measured,149,27,4,discrete_mean,10000,python_reference,,101,0.0,0.946402699999453,0.946402699999453,17.048000000000055,61.391835183518545,1.0,0.0,10000
measured,150,20,1,linear_combination,100000,numpy_native,,101,0.0,0.6515594999982568,0.6515594999982568,29.054709565439364,42.978853962159384,1.0,0.0,100000
measured,150,20,2,linear_combination,100000,dsl_full_w2,2,101,0.006557100001373328,1.9419306999989203,1.9546044999988226,29.011803708660572,43.25939696591443,1.0,0.0,100000
measured,150,20,3,linear_combination,100000,python_reference,,101,0.0,1.1477869000009377,1.1477869000009377,29.054709565439047,42.97885396215865,1.0,0.0,100000
measured,150,20,4,linear_combination,100000,dsl_full_w1,1,101,0.0031595000000379514,1.7212110000000393,1.7290672000017366,29.011803708660572,43.25939696591443,1.0,0.0,100000
measured,151,12,1,discrete_mean,10000,dsl_full_w2,2,101,0.004017999999632593,1.6019450999992841,1.6099551000006613,17.048,61.39183518351836,1.0,0.0,10000
measured,151,12,2,discrete_mean,10000,dsl_full_w1,1,101,0.005894699999771547,1.6811187999992399,1.6910775000033027,17.048,61.39183518351836,1.0,0.0,10000
measured,151,12,3,discrete_mean,10000,numpy_native,,101,0.0,0.6412992999976268,0.6412992999976268,17.048,61.39183518351836,1.0,0.0,10000
measured,151,12,4,discrete_mean,10000,python_reference,,101,0.0,0.7827548999994178,0.7827548999994178,17.048000000000055,61.391835183518545,1.0,0.0,10000
measured,152,21,1,normal_mean,10000,dsl_full_w1,1,101,0.0030998999973235186,1.6842204999993555,1.6918060000025434,9.973087919767995,4.047907153268256,1.0,0.0,10000
measured,152,21,2,normal_mean,10000,numpy_native,,101,0.0,0.645448999999644,0.645448999999644,9.973087919767995,4.047907153268256,1.0,0.0,10000
measured,152,21,3,normal_mean,10000,python_reference,,101,0.0,0.7619690999999875,0.7619690999999875,9.973087919767988,4.047907153268245,1.0,0.0,10000
measured,152,21,4,normal_mean,10000,dsl_full_w2,2,101,0.0028701999981421977,1.6852519999993092,1.6931691999998293,9.973087919767995,4.047907153268256,1.0,0.0,10000
measured,153,25,1,uniform_mean,10000,numpy_native,,101,0.0,0.6402807000013127,0.6402807000013127,5.009158303096408,8.442724596701995,1.0,0.0,10000
measured,153,25,2,uniform_mean,10000,python_reference,,101,0.0,0.7674221999986912,0.7674221999986912,5.009158303096424,8.442724596701998,1.0,0.0,10000
measured,153,25,3,uniform_mean,10000,dsl_full_w1,1,101,0.0030191000005288515,1.6629385000014736,1.673592400002235,5.009158303096408,8.442724596701995,1.0,0.0,10000
measured,153,25,4,uniform_mean,10000,dsl_full_w2,2,101,0.004499099999520695,1.6751705999995465,1.6837357000003976,5.009158303096408,8.442724596701995,1.0,0.0,10000
measured,154,10,1,linear_combination,10000,numpy_native,,101,0.0,0.6328608999974676,0.6328608999974676,28.98519581130602,43.27884253996888,1.0,0.0,10000
measured,154,10,2,linear_combination,10000,python_reference,,101,0.0,0.7835163000017928,0.7835163000017928,28.98519581130601,43.278842539968764,1.0,0.0,10000
measured,154,10,3,linear_combination,10000,dsl_full_w2,2,101,0.0035243999991507735,1.6629089999987627,1.670708999998169,28.98519581130602,43.27884253996888,1.0,0.0,10000
measured,154,10,4,linear_combination,10000,dsl_full_w1,1,101,0.0056708000010985415,1.6385902000001806,1.6485068000001775,28.98519581130602,43.27884253996888,1.0,0.0,10000
measured,155,1,1,discrete_mean,10000,numpy_native,,101,0.0,0.6051799000015308,0.6051799000015308,17.048,61.39183518351836,1.0,0.0,10000
measured,155,1,2,discrete_mean,10000,python_reference,,101,0.0,0.7792989000008674,0.7792989000008674,17.048000000000055,61.391835183518545,1.0,0.0,10000
measured,155,1,3,discrete_mean,10000,dsl_full_w1,1,101,0.003517400000419002,1.6750705999984348,1.6835677000017313,17.048,61.39183518351836,1.0,0.0,10000
measured,155,1,4,discrete_mean,10000,dsl_full_w2,2,101,0.0036097000011068303,1.66982199999984,1.678292300002795,17.048,61.39183518351836,1.0,0.0,10000
measured,156,1,1,discrete_mean,100000,dsl_full_w2,2,101,0.00347680000049877,1.9591935999997077,1.967360999999073,17.023600000000002,61.23565539655396,1.0,0.0,100000
measured,156,1,2,discrete_mean,100000,numpy_native,,101,0.0,0.6537123999987671,0.6537123999987671,17.0134,61.13883182831828,1.0,0.0,100000
measured,156,1,3,discrete_mean,100000,dsl_full_w1,1,101,0.0033000000003085006,1.6883503999997629,1.699299100000644,17.023600000000002,61.23565539655396,1.0,0.0,100000
measured,156,1,4,discrete_mean,100000,python_reference,,101,0.0,1.0854357999996864,1.0854357999996864,17.013400000000193,61.13883182831891,1.0,0.0,100000
measured,157,9,1,uniform_mean,1000000,dsl_full_w1,1,101,0.005836300002556527,2.9067640000030224,2.916663100000733,5.002041273919748,8.328978121381377,1.0,0.0,1000000
measured,157,9,2,uniform_mean,1000000,python_reference,,101,0.0,4.15755160000117,4.15755160000117,5.002276326646218,8.333521927837188,1.0,0.0,1000000
measured,157,9,3,uniform_mean,1000000,dsl_full_w2,2,101,0.0027186000006622635,3.115720699999656,3.123384700000315,5.002041273919748,8.328978121381377,1.0,0.0,1000000
measured,157,9,4,uniform_mean,1000000,numpy_native,,101,0.0,0.727404999997816,0.727404999997816,5.0022763266460135,8.333521927837207,1.0,0.0,1000000
measured,158,22,1,uniform_mean,100000,dsl_full_w2,2,101,0.0031005000018922146,1.931513300001825,1.939102799999091,5.006012338679771,8.377145509510433,1.0,0.0,100000
measured,158,22,2,uniform_mean,100000,dsl_full_w1,1,101,0.0058356000008643605,1.7026936000002024,1.712832699999126,5.006012338679771,8.377145509510433,1.0,0.0,100000
measured,158,22,3,uniform_mean,100000,python_reference,,101,0.0,1.0923110000003362,1.0923110000003362,5.004186247001891,8.336732359424765,1.0,0.0,100000
measured,158,22,4,uniform_mean,100000,numpy_native,,101,0.0,0.627352499999688,0.627352499999688,5.004186247001897,8.336732359424687,1.0,0.0,100000
measured,159,13,1,normal_mean,10000,dsl_full_w2,2,101,0.00402359999861801,1.6599816999987524,1.668094699998619,9.973087919767995,4.047907153268256,1.0,0.0,10000
measured,159,13,2,normal_mean,10000,python_reference,,101,0.0,0.7751705999980913,0.7751705999980913,9.973087919767988,4.047907153268245,1.0,0.0,10000
measured,159,13,3,normal_mean,10000,numpy_native,,101,0.0,0.7491439999976137,0.7491439999976137,9.973087919767995,4.047907153268256,1.0,0.0,10000
measured,159,13,4,normal_mean,10000,dsl_full_w1,1,101,0.005938900001638103,1.8289000000004307,1.8393930999991426,9.973087919767995,4.047907153268256,1.0,0.0,10000
measured,160,3,1,linear_combination,10000,numpy_native,,101,0.0,0.6478492999995069,0.6478492999995069,28.98519581130602,43.27884253996888,1.0,0.0,10000
measured,160,3,2,linear_combination,10000,dsl_full_w1,1,101,0.0037308000028133392,1.6913726999991923,1.6993710999995528,28.98519581130602,43.27884253996888,1.0,0.0,10000
measured,160,3,3,linear_combination,10000,python_reference,,101,0.0,0.7826848999975482,0.7826848999975482,28.98519581130601,43.278842539968764,1.0,0.0,10000
measured,160,3,4,linear_combination,10000,dsl_full_w2,2,101,0.003160500000376487,1.6748000999978103,1.6825575000002573,28.98519581130602,43.27884253996888,1.0,0.0,10000
measured,161,4,1,uniform_mean,100000,numpy_native,,101,0.0,0.6496640000004845,0.6496640000004845,5.004186247001897,8.336732359424687,1.0,0.0,100000
measured,161,4,2,uniform_mean,100000,dsl_full_w2,2,101,0.0031000999988464173,1.8749138000021048,1.8828930999989097,5.006012338679771,8.377145509510433,1.0,0.0,100000
measured,161,4,3,uniform_mean,100000,dsl_full_w1,1,101,0.003328500002680812,2.3825098000015714,2.393336500001169,5.006012338679771,8.377145509510433,1.0,0.0,100000
measured,161,4,4,uniform_mean,100000,python_reference,,101,0.0,1.0844852999980503,1.0844852999980503,5.004186247001891,8.336732359424765,1.0,0.0,100000
measured,162,27,1,discrete_mean,1000000,dsl_full_w1,1,101,0.0027800999996543396,2.531135400000494,2.5387685999994574,17.006380000000004,61.0053003009003,1.0,0.0,1000000
measured,162,27,2,discrete_mean,1000000,numpy_native,,101,0.0,0.7647422999980336,0.7647422999980336,17.00618,61.01470282230283,1.0,0.0,1000000
measured,162,27,3,discrete_mean,1000000,dsl_full_w2,2,101,0.00378400000045076,2.8252614000011818,2.836193600000115,17.006380000000004,61.0053003009003,1.0,0.0,1000000
measured,162,27,4,discrete_mean,1000000,python_reference,,101,0.0,4.62669459999961,4.62669459999961,17.006179999999734,61.01470282230615,1.0,0.0,1000000
measured,163,16,1,linear_combination,1000000,dsl_full_w1,1,101,0.0029885999974794686,2.9157941000012215,2.923926499999652,29.007276012049047,43.032742732594755,1.0,0.0,1000000
measured,163,16,2,linear_combination,1000000,numpy_native,,101,0.0,0.7708720999980869,0.7708720999980869,28.99295116966434,42.9446070658461,1.0,0.0,1000000
measured,163,16,3,linear_combination,1000000,python_reference,,101,0.0,4.281990299998142,4.281990299998142,28.992951169665,42.944607065847144,1.0,0.0,1000000
measured,163,16,4,linear_combination,1000000,dsl_full_w2,2,101,0.005699199999071425,3.0770148999981757,3.0875616000012087,29.007276012049047,43.032742732594755,1.0,0.0,1000000
measured,164,23,1,uniform_mean,1000000,python_reference,,101,0.0,4.223292200000287,4.223292200000287,5.002276326646218,8.333521927837188,1.0,0.0,1000000
measured,164,23,2,uniform_mean,1000000,numpy_native,,101,0.0,0.7064719000009063,0.7064719000009063,5.0022763266460135,8.333521927837207,1.0,0.0,1000000
measured,164,23,3,uniform_mean,1000000,dsl_full_w1,1,101,0.006447399999160552,2.948207299999922,2.9588326000011875,5.002041273919748,8.328978121381377,1.0,0.0,1000000
measured,164,23,4,uniform_mean,1000000,dsl_full_w2,2,101,0.0033590999992156867,3.1714750999999524,3.1797659000003478,5.002041273919748,8.328978121381377,1.0,0.0,1000000
measured,165,5,1,uniform_mean,100000,dsl_full_w2,2,101,0.0028175999977975152,1.89826759999778,1.9078804000018863,5.006012338679771,8.377145509510433,1.0,0.0,100000
measured,165,5,2,uniform_mean,100000,numpy_native,,101,0.0,0.6492978999995103,0.6492978999995103,5.004186247001897,8.336732359424687,1.0,0.0,100000
measured,165,5,3,uniform_mean,100000,dsl_full_w1,1,101,0.003154400001221802,1.706389400002081,1.71431080000184,5.006012338679771,8.377145509510433,1.0,0.0,100000
measured,165,5,4,uniform_mean,100000,python_reference,,101,0.0,1.1110200000002806,1.1110200000002806,5.004186247001891,8.336732359424765,1.0,0.0,100000
measured,166,28,1,linear_combination,10000,dsl_full_w1,1,101,0.0035499000005074777,1.6592154999998456,1.6671549000020605,28.98519581130602,43.27884253996888,1.0,0.0,10000
measured,166,28,2,linear_combination,10000,numpy_native,,101,0.0,0.6351533000015479,0.6351533000015479,28.98519581130602,43.27884253996888,1.0,0.0,10000
measured,166,28,3,linear_combination,10000,python_reference,,101,0.0,0.7656490000008489,0.7656490000008489,28.98519581130601,43.278842539968764,1.0,0.0,10000
measured,166,28,4,linear_combination,10000,dsl_full_w2,2,101,0.003652499999589054,1.6614422999991802,1.6695573000033619,28.98519581130602,43.27884253996888,1.0,0.0,10000
measured,167,8,1,linear_combination,1000000,dsl_full_w2,2,101,0.0056598999981360976,3.1897213000011106,3.1997597999979916,29.007276012049047,43.032742732594755,1.0,0.0,1000000
measured,167,8,2,linear_combination,1000000,python_reference,,101,0.0,4.260111499999766,4.260111499999766,28.992951169665,42.944607065847144,1.0,0.0,1000000
measured,167,8,3,linear_combination,1000000,dsl_full_w1,1,101,0.0025706999986141454,2.812718000001041,2.819827899998927,29.007276012049047,43.032742732594755,1.0,0.0,1000000
measured,167,8,4,linear_combination,1000000,numpy_native,,101,0.0,0.77185830000235,0.77185830000235,28.99295116966434,42.9446070658461,1.0,0.0,1000000
measured,168,1,1,linear_combination,100000,dsl_full_w1,1,101,0.0038843000002088957,1.659722899999906,1.671963799999503,29.011803708660572,43.25939696591443,1.0,0.0,100000
measured,168,1,2,linear_combination,100000,python_reference,,101,0.0,1.0898201999989396,1.0898201999989396,29.054709565439047,42.97885396215865,1.0,0.0,100000
measured,168,1,3,linear_combination,100000,dsl_full_w2,2,101,0.003043900000193389,1.9118257999980415,1.921795199999906,29.011803708660572,43.25939696591443,1.0,0.0,100000
measured,168,1,4,linear_combination,100000,numpy_native,,101,0.0,0.645954099996743,0.645954099996743,29.054709565439364,42.978853962159384,1.0,0.0,100000
measured,169,8,1,uniform_mean,100000,dsl_full_w2,2,101,0.0028864000014436897,1.9341290000011213,1.941061899997294,5.006012338679771,8.377145509510433,1.0,0.0,100000
measured,169,8,2,uniform_mean,100000,numpy_native,,101,0.0,0.6613203999986581,0.6613203999986581,5.004186247001897,8.336732359424687,1.0,0.0,100000
measured,169,8,3,uniform_mean,100000,python_reference,,101,0.0,1.0835723999989568,1.0835723999989568,5.004186247001891,8.336732359424765,1.0,0.0,100000
measured,169,8,4,uniform_mean,100000,dsl_full_w1,1,101,0.0027673000004142523,1.7024101999995764,1.7122334000014234,5.006012338679771,8.377145509510433,1.0,0.0,100000
measured,170,5,1,normal_mean,10000,numpy_native,,101,0.0,0.6188681999992696,0.6188681999992696,9.973087919767995,4.047907153268256,1.0,0.0,10000
measured,170,5,2,normal_mean,10000,dsl_full_w2,2,101,0.002698600001167506,1.6203753000008874,1.6301435999994283,9.973087919767995,4.047907153268256,1.0,0.0,10000
measured,170,5,3,normal_mean,10000,dsl_full_w1,1,101,0.0034297999991395045,1.6358806000025652,1.6458046000007016,9.973087919767995,4.047907153268256,1.0,0.0,10000
measured,170,5,4,normal_mean,10000,python_reference,,101,0.0,0.7442396000005829,0.7442396000005829,9.973087919767988,4.047907153268245,1.0,0.0,10000
measured,171,1,1,normal_mean,10000,python_reference,,101,0.0,0.7709570000006352,0.7709570000006352,9.973087919767988,4.047907153268245,1.0,0.0,10000
measured,171,1,2,normal_mean,10000,numpy_native,,101,0.0,0.6459139999969921,0.6459139999969921,9.973087919767995,4.047907153268256,1.0,0.0,10000
measured,171,1,3,normal_mean,10000,dsl_full_w2,2,101,0.002877999999327585,1.6159642999991775,1.6229758999979822,9.973087919767995,4.047907153268256,1.0,0.0,10000
measured,171,1,4,normal_mean,10000,dsl_full_w1,1,101,0.006611300002987264,1.6675493000002461,1.6783099000022048,9.973087919767995,4.047907153268256,1.0,0.0,10000
measured,172,6,1,uniform_mean,100000,python_reference,,101,0.0,1.0436392000010528,1.0436392000010528,5.004186247001891,8.336732359424765,1.0,0.0,100000
measured,172,6,2,uniform_mean,100000,numpy_native,,101,0.0,0.614154700000654,0.614154700000654,5.004186247001897,8.336732359424687,1.0,0.0,100000
measured,172,6,3,uniform_mean,100000,dsl_full_w2,2,101,0.0031888999983493704,1.8931707999981882,1.9015615999996953,5.006012338679771,8.377145509510433,1.0,0.0,100000
measured,172,6,4,uniform_mean,100000,dsl_full_w1,1,101,0.0032366000014008023,1.711760400001367,1.719611199998326,5.006012338679771,8.377145509510433,1.0,0.0,100000
measured,173,15,1,uniform_mean,100000,dsl_full_w1,1,101,0.0048462999984622,1.6988696000007621,1.70791570000074,5.006012338679771,8.377145509510433,1.0,0.0,100000
measured,173,15,2,uniform_mean,100000,numpy_native,,101,0.0,0.6575722000015958,0.6575722000015958,5.004186247001897,8.336732359424687,1.0,0.0,100000
measured,173,15,3,uniform_mean,100000,python_reference,,101,0.0,1.0886797999992268,1.0886797999992268,5.004186247001891,8.336732359424765,1.0,0.0,100000
measured,173,15,4,uniform_mean,100000,dsl_full_w2,2,101,0.0027319999971950892,1.9244383000004746,1.9320910999995249,5.006012338679771,8.377145509510433,1.0,0.0,100000
measured,174,12,1,normal_mean,1000000,python_reference,,101,0.0,4.218974600000365,4.218974600000365,9.999605792813405,3.9957119793355207,1.0,0.0,1000000
measured,174,12,2,normal_mean,1000000,dsl_full_w1,1,101,0.002614900000480702,2.854676799997833,2.8641599000002316,10.00147606400736,4.01354213519083,1.0,0.0,1000000
measured,174,12,3,normal_mean,1000000,dsl_full_w2,2,101,0.002631600000313483,3.0805876000013086,3.088300100000197,10.00147606400736,4.01354213519083,1.0,0.0,1000000
measured,174,12,4,normal_mean,1000000,numpy_native,,101,0.0,0.7375256000013906,0.7375256000013906,9.999605792812769,3.9957119793354225,1.0,0.0,1000000
measured,175,14,1,linear_combination,100000,numpy_native,,101,0.0,0.6491349000025366,0.6491349000025366,29.054709565439364,42.978853962159384,1.0,0.0,100000
measured,175,14,2,linear_combination,100000,dsl_full_w2,2,101,0.006913700002769474,1.896391299997049,1.9074964000028558,29.011803708660572,43.25939696591443,1.0,0.0,100000
measured,175,14,3,linear_combination,100000,python_reference,,101,0.0,1.0861966000011307,1.0861966000011307,29.054709565439047,42.97885396215865,1.0,0.0,100000
measured,175,14,4,linear_combination,100000,dsl_full_w1,1,101,0.003106899999693269,1.6997909999990952,1.709563000000344,29.011803708660572,43.25939696591443,1.0,0.0,100000
measured,176,6,1,linear_combination,10000,python_reference,,101,0.0,0.7732617000001483,0.7732617000001483,28.98519581130601,43.278842539968764,1.0,0.0,10000
measured,176,6,2,linear_combination,10000,dsl_full_w1,1,101,0.004467599999770755,1.6665478000031726,1.6749767000001157,28.98519581130602,43.27884253996888,1.0,0.0,10000
measured,176,6,3,linear_combination,10000,dsl_full_w2,2,101,0.0035439999992377125,1.6673120000014023,1.6779381999986072,28.98519581130602,43.27884253996888,1.0,0.0,10000
measured,176,6,4,linear_combination,10000,numpy_native,,101,0.0,0.6406831999993301,0.6406831999993301,28.98519581130602,43.27884253996888,1.0,0.0,10000
measured,177,22,1,linear_combination,100000,python_reference,,101,0.0,1.1081997000001138,1.1081997000001138,29.054709565439047,42.97885396215865,1.0,0.0,100000
measured,177,22,2,linear_combination,100000,dsl_full_w2,2,101,0.0036185000026307534,1.9584637000007206,1.9671008000004804,29.011803708660572,43.25939696591443,1.0,0.0,100000
measured,177,22,3,linear_combination,100000,dsl_full_w1,1,101,0.0047570999995514285,1.8175321000016993,1.8265705999983766,29.011803708660572,43.25939696591443,1.0,0.0,100000
measured,177,22,4,linear_combination,100000,numpy_native,,101,0.0,0.6309450000007928,0.6309450000007928,29.054709565439364,42.978853962159384,1.0,0.0,100000
measured,178,2,1,discrete_mean,1000000,dsl_full_w1,1,101,0.003129700002318714,2.5651446000010765,2.5730521000004956,17.006380000000004,61.0053003009003,1.0,0.0,1000000
measured,178,2,2,discrete_mean,1000000,python_reference,,101,0.0,4.21107739999934,4.21107739999934,17.006179999999734,61.01470282230615,1.0,0.0,1000000
measured,178,2,3,discrete_mean,1000000,numpy_native,,101,0.0,0.7304375000021537,0.7304375000021537,17.00618,61.01470282230283,1.0,0.0,1000000
measured,178,2,4,discrete_mean,1000000,dsl_full_w2,2,101,0.0038538000007974915,2.7803579999999783,2.7885773000016343,17.006380000000004,61.0053003009003,1.0,0.0,1000000
measured,179,22,1,normal_mean,10000,python_reference,,101,0.0,0.7652879000015673,0.7652879000015673,9.973087919767988,4.047907153268245,1.0,0.0,10000
measured,179,22,2,normal_mean,10000,numpy_native,,101,0.0,0.6341460000003281,0.6341460000003281,9.973087919767995,4.047907153268256,1.0,0.0,10000
measured,179,22,3,normal_mean,10000,dsl_full_w1,1,101,0.0035668000018631574,1.6148366999987047,1.6226943000001484,9.973087919767995,4.047907153268256,1.0,0.0,10000
measured,179,22,4,normal_mean,10000,dsl_full_w2,2,101,0.005860900000698166,1.6544314000020677,1.6644285000002128,9.973087919767995,4.047907153268256,1.0,0.0,10000
measured,180,17,1,uniform_mean,1000000,dsl_full_w1,1,101,0.008726199997909134,2.892937800002983,2.9058631000007153,5.002041273919748,8.328978121381377,1.0,0.0,1000000
measured,180,17,2,uniform_mean,1000000,numpy_native,,101,0.0,0.6850521000014851,0.6850521000014851,5.0022763266460135,8.333521927837207,1.0,0.0,1000000
measured,180,17,3,uniform_mean,1000000,python_reference,,101,0.0,4.219946699999127,4.219946699999127,5.002276326646218,8.333521927837188,1.0,0.0,1000000
measured,180,17,4,uniform_mean,1000000,dsl_full_w2,2,101,0.0027030000019294675,3.1309322000015527,3.1388311000009708,5.002041273919748,8.328978121381377,1.0,0.0,1000000
measured,181,16,1,normal_mean,1000000,python_reference,,101,0.0,4.343802100000175,4.343802100000175,9.999605792813405,3.9957119793355207,1.0,0.0,1000000
measured,181,16,2,normal_mean,1000000,numpy_native,,101,0.0,0.7140049999979965,0.7140049999979965,9.999605792812769,3.9957119793354225,1.0,0.0,1000000
measured,181,16,3,normal_mean,1000000,dsl_full_w2,2,101,0.0031635000013920944,3.2660197999975935,3.2733649000001606,10.00147606400736,4.01354213519083,1.0,0.0,1000000
measured,181,16,4,normal_mean,1000000,dsl_full_w1,1,101,0.002993800000695046,2.929210599999351,2.937168600001314,10.00147606400736,4.01354213519083,1.0,0.0,1000000
measured,182,20,1,discrete_mean,10000,numpy_native,,101,0.0,0.631806699999288,0.631806699999288,17.048,61.39183518351836,1.0,0.0,10000
measured,182,20,2,discrete_mean,10000,dsl_full_w2,2,101,0.003368699999555247,1.6660369000019273,1.6740124999996624,17.048,61.39183518351836,1.0,0.0,10000
measured,182,20,3,discrete_mean,10000,python_reference,,101,0.0,0.7855826000013622,0.7855826000013622,17.048000000000055,61.391835183518545,1.0,0.0,10000
measured,182,20,4,discrete_mean,10000,dsl_full_w1,1,101,0.0036876000012853183,1.6783283999975538,1.686370799998258,17.048,61.39183518351836,1.0,0.0,10000
measured,183,30,1,uniform_mean,10000,dsl_full_w1,1,101,0.003449799998634262,1.6910599000002549,1.7023258000008354,5.009158303096408,8.442724596701995,1.0,0.0,10000
measured,183,30,2,uniform_mean,10000,dsl_full_w2,2,101,0.003034100001968909,1.6616078000006382,1.6686900999993668,5.009158303096408,8.442724596701995,1.0,0.0,10000
measured,183,30,3,uniform_mean,10000,python_reference,,101,0.0,0.7791179000014381,0.7791179000014381,5.009158303096424,8.442724596701998,1.0,0.0,10000
measured,183,30,4,uniform_mean,10000,numpy_native,,101,0.0,0.6269128999992972,0.6269128999992972,5.009158303096408,8.442724596701995,1.0,0.0,10000
measured,184,17,1,uniform_mean,100000,numpy_native,,101,0.0,0.6462334999996528,0.6462334999996528,5.004186247001897,8.336732359424687,1.0,0.0,100000
measured,184,17,2,uniform_mean,100000,dsl_full_w1,1,101,0.0032799000000522938,1.7338027999976475,1.7444203999984893,5.006012338679771,8.377145509510433,1.0,0.0,100000
measured,184,17,3,uniform_mean,100000,dsl_full_w2,2,101,0.0030377000002772547,1.9566754999978002,1.964701699998841,5.006012338679771,8.377145509510433,1.0,0.0,100000
measured,184,17,4,uniform_mean,100000,python_reference,,101,0.0,1.0868647999996028,1.0868647999996028,5.004186247001891,8.336732359424765,1.0,0.0,100000
measured,185,11,1,discrete_mean,1000000,dsl_full_w2,2,101,0.0028512999997474253,2.751290700001846,2.7612016999992193,17.006380000000004,61.0053003009003,1.0,0.0,1000000
measured,185,11,2,discrete_mean,1000000,python_reference,,101,0.0,4.239835299998958,4.239835299998958,17.006179999999734,61.01470282230615,1.0,0.0,1000000
measured,185,11,3,discrete_mean,1000000,dsl_full_w1,1,101,0.003379600002517691,2.529254699999001,2.5394081000013102,17.006380000000004,61.0053003009003,1.0,0.0,1000000
measured,185,11,4,discrete_mean,1000000,numpy_native,,101,0.0,0.7596937000016624,0.7596937000016624,17.00618,61.01470282230283,1.0,0.0,1000000
measured,186,2,1,uniform_mean,1000000,dsl_full_w2,2,101,0.003321600001072511,3.170696699999098,3.1789399000008416,5.002041273919748,8.328978121381377,1.0,0.0,1000000
measured,186,2,2,uniform_mean,1000000,numpy_native,,101,0.0,0.7412231999987853,0.7412231999987853,5.0022763266460135,8.333521927837207,1.0,0.0,1000000
measured,186,2,3,uniform_mean,1000000,python_reference,,101,0.0,4.176801400000841,4.176801400000841,5.002276326646218,8.333521927837188,1.0,0.0,1000000
measured,186,2,4,uniform_mean,1000000,dsl_full_w1,1,101,0.002589399999123998,2.9150773999972444,2.9227634000017133,5.002041273919748,8.328978121381377,1.0,0.0,1000000
measured,187,9,1,linear_combination,10000,dsl_full_w1,1,101,0.0033879000002343673,1.6524011000001337,1.6611522999992303,28.98519581130602,43.27884253996888,1.0,0.0,10000
measured,187,9,2,linear_combination,10000,python_reference,,101,0.0,0.7751534000017273,0.7751534000017273,28.98519581130601,43.278842539968764,1.0,0.0,10000
measured,187,9,3,linear_combination,10000,dsl_full_w2,2,101,0.0034739999973680824,1.6766399000007368,1.6868281999995816,28.98519581130602,43.27884253996888,1.0,0.0,10000
measured,187,9,4,linear_combination,10000,numpy_native,,101,0.0,0.6450843999991775,0.6450843999991775,28.98519581130602,43.27884253996888,1.0,0.0,10000
measured,188,26,1,discrete_mean,100000,dsl_full_w1,1,101,0.006252200000744779,1.6967895999987377,1.7070244999995339,17.023600000000002,61.23565539655396,1.0,0.0,100000
measured,188,26,2,discrete_mean,100000,dsl_full_w2,2,101,0.0038281000015558675,1.892666100000497,1.9008642000007967,17.023600000000002,61.23565539655396,1.0,0.0,100000
measured,188,26,3,discrete_mean,100000,python_reference,,101,0.0,1.0932431000001088,1.0932431000001088,17.013400000000193,61.13883182831891,1.0,0.0,100000
measured,188,26,4,discrete_mean,100000,numpy_native,,101,0.0,0.6170937000024423,0.6170937000024423,17.0134,61.13883182831828,1.0,0.0,100000
measured,189,21,1,linear_combination,100000,dsl_full_w1,1,101,0.0033594000015000347,1.654401300002064,1.662534399998549,29.011803708660572,43.25939696591443,1.0,0.0,100000
measured,189,21,2,linear_combination,100000,python_reference,,101,0.0,1.0891659000008076,1.0891659000008076,29.054709565439047,42.97885396215865,1.0,0.0,100000
measured,189,21,3,linear_combination,100000,numpy_native,,101,0.0,0.604422299998987,0.604422299998987,29.054709565439364,42.978853962159384,1.0,0.0,100000
measured,189,21,4,linear_combination,100000,dsl_full_w2,2,101,0.004385600001114653,1.923445600001287,1.9323089999998047,29.011803708660572,43.25939696591443,1.0,0.0,100000
measured,190,16,1,uniform_mean,1000000,dsl_full_w1,1,101,0.00338489999921876,2.880159000000276,2.8880306999999448,5.002041273919748,8.328978121381377,1.0,0.0,1000000
measured,190,16,2,uniform_mean,1000000,dsl_full_w2,2,101,0.0031841999989410397,3.1953242999989016,3.203674599997612,5.002041273919748,8.328978121381377,1.0,0.0,1000000
measured,190,16,3,uniform_mean,1000000,numpy_native,,101,0.0,0.7167420000005222,0.7167420000005222,5.0022763266460135,8.333521927837207,1.0,0.0,1000000
measured,190,16,4,uniform_mean,1000000,python_reference,,101,0.0,4.202516500001366,4.202516500001366,5.002276326646218,8.333521927837188,1.0,0.0,1000000
measured,191,16,1,uniform_mean,10000,python_reference,,101,0.0,0.7338754999982484,0.7338754999982484,5.009158303096424,8.442724596701998,1.0,0.0,10000
measured,191,16,2,uniform_mean,10000,numpy_native,,101,0.0,0.6455875999999989,0.6455875999999989,5.009158303096408,8.442724596701995,1.0,0.0,10000
measured,191,16,3,uniform_mean,10000,dsl_full_w2,2,101,0.003869299998768838,1.6430265000017243,1.6539646000019275,5.009158303096408,8.442724596701995,1.0,0.0,10000
measured,191,16,4,uniform_mean,10000,dsl_full_w1,1,101,0.0023389000016322825,1.6357329999991634,1.642556999999215,5.009158303096408,8.442724596701995,1.0,0.0,10000
measured,192,13,1,linear_combination,100000,dsl_full_w1,1,101,0.006061000000045169,1.7605129000003217,1.7705988000016077,29.011803708660572,43.25939696591443,1.0,0.0,100000
measured,192,13,2,linear_combination,100000,numpy_native,,101,0.0,0.9761801999993622,0.9761801999993622,29.054709565439364,42.978853962159384,1.0,0.0,100000
measured,192,13,3,linear_combination,100000,dsl_full_w2,2,101,0.003610899999330286,1.9329851000002236,1.9406197999996948,29.011803708660572,43.25939696591443,1.0,0.0,100000
measured,192,13,4,linear_combination,100000,python_reference,,101,0.0,1.0912127999981749,1.0912127999981749,29.054709565439047,42.97885396215865,1.0,0.0,100000
measured,193,10,1,linear_combination,100000,python_reference,,101,0.0,1.0673841000025277,1.0673841000025277,29.054709565439047,42.97885396215865,1.0,0.0,100000
measured,193,10,2,linear_combination,100000,numpy_native,,101,0.0,0.6749170000002778,0.6749170000002778,29.054709565439364,42.978853962159384,1.0,0.0,100000
measured,193,10,3,linear_combination,100000,dsl_full_w1,1,101,0.005591199998889351,1.7199465000012424,1.7296092999968096,29.011803708660572,43.25939696591443,1.0,0.0,100000
measured,193,10,4,linear_combination,100000,dsl_full_w2,2,101,0.006724999999278225,1.9399793999982649,1.9516849999999977,29.011803708660572,43.25939696591443,1.0,0.0,100000
measured,194,30,1,uniform_mean,100000,numpy_native,,101,0.0,0.6539362000003166,0.6539362000003166,5.004186247001897,8.336732359424687,1.0,0.0,100000
measured,194,30,2,uniform_mean,100000,dsl_full_w2,2,101,0.0029973999990033917,1.8882795999998052,1.896248500001093,5.006012338679771,8.377145509510433,1.0,0.0,100000
measured,194,30,3,uniform_mean,100000,python_reference,,101,0.0,1.0922333000016806,1.0922333000016806,5.004186247001891,8.336732359424765,1.0,0.0,100000
measured,194,30,4,uniform_mean,100000,dsl_full_w1,1,101,0.002396500000031665,1.6969050000006973,1.7044314999984636,5.006012338679771,8.377145509510433,1.0,0.0,100000
measured,195,27,1,normal_mean,1000000,python_reference,,101,0.0,4.154690100000153,4.154690100000153,9.999605792813405,3.9957119793355207,1.0,0.0,1000000
measured,195,27,2,normal_mean,1000000,numpy_native,,101,0.0,0.7581041000012192,0.7581041000012192,9.999605792812769,3.9957119793354225,1.0,0.0,1000000
measured,195,27,3,normal_mean,1000000,dsl_full_w1,1,101,0.002932299998064991,2.8602678999995987,2.868391199997859,10.00147606400736,4.01354213519083,1.0,0.0,1000000
measured,195,27,4,normal_mean,1000000,dsl_full_w2,2,101,0.0031894999992800876,3.197565000002214,3.2054653000013786,10.00147606400736,4.01354213519083,1.0,0.0,1000000
measured,196,9,1,discrete_mean,10000,numpy_native,,101,0.0,0.6289733999983582,0.6289733999983582,17.048,61.39183518351836,1.0,0.0,10000
measured,196,9,2,discrete_mean,10000,python_reference,,101,0.0,0.7785646000011184,0.7785646000011184,17.048000000000055,61.391835183518545,1.0,0.0,10000
measured,196,9,3,discrete_mean,10000,dsl_full_w1,1,101,0.003427800002100412,1.6547785000002477,1.6627881999993406,17.048,61.39183518351836,1.0,0.0,10000
measured,196,9,4,discrete_mean,10000,dsl_full_w2,2,101,0.0034545000016805716,1.712254699999903,1.7206359000010707,17.048,61.39183518351836,1.0,0.0,10000
measured,197,19,1,normal_mean,100000,dsl_full_w1,1,101,0.0032431999970867764,1.6382570999994641,1.6461611999984598,10.008957229893548,4.0138725928769645,1.0,0.0,100000
measured,197,19,2,normal_mean,100000,python_reference,,101,0.0,1.0871006000015768,1.0871006000015768,10.003732736712168,4.014955342619971,1.0,0.0,100000
measured,197,19,3,normal_mean,100000,dsl_full_w2,2,101,0.002630000002682209,1.8385449999987031,1.847685900000215,10.008957229893548,4.0138725928769645,1.0,0.0,100000
measured,197,19,4,normal_mean,100000,numpy_native,,101,0.0,0.6612683999992441,0.6612683999992441,10.00373273671223,4.014955342619993,1.0,0.0,100000
measured,198,26,1,uniform_mean,100000,numpy_native,,101,0.0,0.641267399998469,0.641267399998469,5.004186247001897,8.336732359424687,1.0,0.0,100000
measured,198,26,2,uniform_mean,100000,python_reference,,101,0.0,1.0817111000033037,1.0817111000033037,5.004186247001891,8.336732359424765,1.0,0.0,100000
measured,198,26,3,uniform_mean,100000,dsl_full_w1,1,101,0.00640900000144029,1.6954667999998492,1.7062205000001995,5.006012338679771,8.377145509510433,1.0,0.0,100000
measured,198,26,4,uniform_mean,100000,dsl_full_w2,2,101,0.00275800000235904,1.9451239000009082,1.9530699999995704,5.006012338679771,8.377145509510433,1.0,0.0,100000
measured,199,16,1,linear_combination,100000,dsl_full_w2,2,101,0.0055828000004112255,1.9440071000026364,1.9547120999995968,29.011803708660572,43.25939696591443,1.0,0.0,100000
measured,199,16,2,linear_combination,100000,numpy_native,,101,0.0,0.6606420999996772,0.6606420999996772,29.054709565439364,42.978853962159384,1.0,0.0,100000
measured,199,16,3,linear_combination,100000,python_reference,,101,0.0,1.1025774000008823,1.1025774000008823,29.054709565439047,42.97885396215865,1.0,0.0,100000
measured,199,16,4,linear_combination,100000,dsl_full_w1,1,101,0.002863699999579694,1.6993328999997175,1.706979999999021,29.011803708660572,43.25939696591443,1.0,0.0,100000
measured,200,4,1,linear_combination,10000,python_reference,,101,0.0,0.7748357000018586,0.7748357000018586,28.98519581130601,43.278842539968764,1.0,0.0,10000
measured,200,4,2,linear_combination,10000,numpy_native,,101,0.0,0.6516117000028316,0.6516117000028316,28.98519581130602,43.27884253996888,1.0,0.0,10000
measured,200,4,3,linear_combination,10000,dsl_full_w2,2,101,0.0037725000001955777,1.680655600001046,1.6887048999997205,28.98519581130602,43.27884253996888,1.0,0.0,10000
measured,200,4,4,linear_combination,10000,dsl_full_w1,1,101,0.0046359999978449196,1.6471649000013713,1.6564929999985907,28.98519581130602,43.27884253996888,1.0,0.0,10000
measured,201,14,1,discrete_mean,100000,numpy_native,,101,0.0,0.6281683000015619,0.6281683000015619,17.0134,61.13883182831828,1.0,0.0,100000
measured,201,14,2,discrete_mean,100000,dsl_full_w1,1,101,0.0036615999997593462,1.7034757000001264,1.7121536000013293,17.023600000000002,61.23565539655396,1.0,0.0,100000
measured,201,14,3,discrete_mean,100000,python_reference,,101,0.0,1.0695895999997447,1.0695895999997447,17.013400000000193,61.13883182831891,1.0,0.0,100000
measured,201,14,4,discrete_mean,100000,dsl_full_w2,2,101,0.0029359000000113156,1.9906188999993901,1.99869210000179,17.023600000000002,61.23565539655396,1.0,0.0,100000
measured,202,22,1,discrete_mean,1000000,numpy_native,,101,0.0,0.78506600000037,0.78506600000037,17.00618,61.01470282230283,1.0,0.0,1000000
measured,202,22,2,discrete_mean,1000000,dsl_full_w2,2,101,0.004075100001500687,2.8045731999991403,2.8154171999995015,17.006380000000004,61.0053003009003,1.0,0.0,1000000
measured,202,22,3,discrete_mean,1000000,dsl_full_w1,1,101,0.0032463999996252824,2.5788618000005954,2.5869319000012183,17.006380000000004,61.0053003009003,1.0,0.0,1000000
measured,202,22,4,discrete_mean,1000000,python_reference,,101,0.0,4.211322000002838,4.211322000002838,17.006179999999734,61.01470282230615,1.0,0.0,1000000
measured,203,23,1,uniform_mean,10000,numpy_native,,101,0.0,0.5874175999997533,0.5874175999997533,5.009158303096408,8.442724596701995,1.0,0.0,10000
measured,203,23,2,uniform_mean,10000,python_reference,,101,0.0,0.7687170999997761,0.7687170999997761,5.009158303096424,8.442724596701998,1.0,0.0,10000
measured,203,23,3,uniform_mean,10000,dsl_full_w1,1,101,0.003112800000963034,1.6503373000014108,1.6583331000001635,5.009158303096408,8.442724596701995,1.0,0.0,10000
measured,203,23,4,uniform_mean,10000,dsl_full_w2,2,101,0.0035090000019408762,1.6795200999986264,1.6872488000008161,5.009158303096408,8.442724596701995,1.0,0.0,10000
measured,204,25,1,discrete_mean,1000000,python_reference,,101,0.0,4.314122399999178,4.314122399999178,17.006179999999734,61.01470282230615,1.0,0.0,1000000
measured,204,25,2,discrete_mean,1000000,dsl_full_w1,1,101,0.0035258000025351066,2.541482699998596,2.5492549000009603,17.006380000000004,61.0053003009003,1.0,0.0,1000000
measured,204,25,3,discrete_mean,1000000,dsl_full_w2,2,101,0.0030394999994314276,2.8016043999996327,2.8095490999985486,17.006380000000004,61.0053003009003,1.0,0.0,1000000
measured,204,25,4,discrete_mean,1000000,numpy_native,,101,0.0,0.7584886999975424,0.7584886999975424,17.00618,61.01470282230283,1.0,0.0,1000000
measured,205,29,1,linear_combination,10000,dsl_full_w2,2,101,0.004048799997690367,1.6656416000005265,1.6741751999979897,28.98519581130602,43.27884253996888,1.0,0.0,10000
measured,205,29,2,linear_combination,10000,python_reference,,101,0.0,0.774285500003316,0.774285500003316,28.98519581130601,43.278842539968764,1.0,0.0,10000
measured,205,29,3,linear_combination,10000,numpy_native,,101,0.0,0.6326187000013306,0.6326187000013306,28.98519581130602,43.27884253996888,1.0,0.0,10000
measured,205,29,4,linear_combination,10000,dsl_full_w1,1,101,0.004040100000565872,1.659171299997979,1.667303099999117,28.98519581130602,43.27884253996888,1.0,0.0,10000
measured,206,28,1,discrete_mean,100000,numpy_native,,101,0.0,0.6724365999980364,0.6724365999980364,17.0134,61.13883182831828,1.0,0.0,100000
measured,206,28,2,discrete_mean,100000,python_reference,,101,0.0,1.0893243000027724,1.0893243000027724,17.013400000000193,61.13883182831891,1.0,0.0,100000
measured,206,28,3,discrete_mean,100000,dsl_full_w2,2,101,0.003179799998179078,1.9044641999971645,1.9135667999980797,17.023600000000002,61.23565539655396,1.0,0.0,100000
measured,206,28,4,discrete_mean,100000,dsl_full_w1,1,101,0.0038353000018105377,1.6957510000029288,1.7041023999991012,17.023600000000002,61.23565539655396,1.0,0.0,100000
measured,207,6,1,discrete_mean,10000,python_reference,,101,0.0,0.7695539999986067,0.7695539999986067,17.048000000000055,61.391835183518545,1.0,0.0,10000
measured,207,6,2,discrete_mean,10000,dsl_full_w2,2,101,0.007011400000919821,1.6831061999982921,1.6944952000012563,17.048,61.39183518351836,1.0,0.0,10000
measured,207,6,3,discrete_mean,10000,numpy_native,,101,0.0,0.6539570999993884,0.6539570999993884,17.048,61.39183518351836,1.0,0.0,10000
measured,207,6,4,discrete_mean,10000,dsl_full_w1,1,101,0.004401400001370348,1.6626246000014362,1.6711164000007557,17.048,61.39183518351836,1.0,0.0,10000
measured,208,11,1,uniform_mean,1000000,dsl_full_w2,2,101,0.00341159999879892,3.213350400001218,3.2208973999986483,5.002041273919748,8.328978121381377,1.0,0.0,1000000
measured,208,11,2,uniform_mean,1000000,python_reference,,101,0.0,4.843936200002645,4.843936200002645,5.002276326646218,8.333521927837188,1.0,0.0,1000000
measured,208,11,3,uniform_mean,1000000,numpy_native,,101,0.0,0.7043257000004814,0.7043257000004814,5.0022763266460135,8.333521927837207,1.0,0.0,1000000
measured,208,11,4,uniform_mean,1000000,dsl_full_w1,1,101,0.003078100002312567,2.968696699997963,2.9795467000003555,5.002041273919748,8.328978121381377,1.0,0.0,1000000
measured,209,8,1,normal_mean,100000,numpy_native,,101,0.0,0.6424874000003911,0.6424874000003911,10.00373273671223,4.014955342619993,1.0,0.0,100000
measured,209,8,2,normal_mean,100000,dsl_full_w1,1,101,0.005730600001697894,1.7165782999982184,1.7266538000003493,10.008957229893548,4.0138725928769645,1.0,0.0,100000
measured,209,8,3,normal_mean,100000,python_reference,,101,0.0,1.0556985000002896,1.0556985000002896,10.003732736712168,4.014955342619971,1.0,0.0,100000
measured,209,8,4,normal_mean,100000,dsl_full_w2,2,101,0.0063852000021142885,1.914554800001497,1.9251638999994611,10.008957229893548,4.0138725928769645,1.0,0.0,100000
measured,210,22,1,normal_mean,100000,dsl_full_w2,2,101,0.0037254999988363124,1.9213044999996782,1.9320810999997775,10.008957229893548,4.0138725928769645,1.0,0.0,100000
measured,210,22,2,normal_mean,100000,python_reference,,101,0.0,1.0978807999999844,1.0978807999999844,10.003732736712168,4.014955342619971,1.0,0.0,100000
measured,210,22,3,normal_mean,100000,dsl_full_w1,1,101,0.002718200001254445,1.6708660000003874,1.6813739999997779,10.008957229893548,4.0138725928769645,1.0,0.0,100000
measured,210,22,4,normal_mean,100000,numpy_native,,101,0.0,0.6527137999983097,0.6527137999983097,10.00373273671223,4.014955342619993,1.0,0.0,100000
measured,211,25,1,uniform_mean,100000,python_reference,,101,0.0,1.0879977000004146,1.0879977000004146,5.004186247001891,8.336732359424765,1.0,0.0,100000
measured,211,25,2,uniform_mean,100000,numpy_native,,101,0.0,0.6346174000027531,0.6346174000027531,5.004186247001897,8.336732359424687,1.0,0.0,100000
measured,211,25,3,uniform_mean,100000,dsl_full_w1,1,101,0.003007299997989321,1.7206746000010753,1.7287034000000858,5.006012338679771,8.377145509510433,1.0,0.0,100000
measured,211,25,4,uniform_mean,100000,dsl_full_w2,2,101,0.0033694000012474135,1.9414369000005536,1.9493594000014127,5.006012338679771,8.377145509510433,1.0,0.0,100000
measured,212,5,1,discrete_mean,100000,python_reference,,101,0.0,1.0971685000004072,1.0971685000004072,17.013400000000193,61.13883182831891,1.0,0.0,100000
measured,212,5,2,discrete_mean,100000,dsl_full_w1,1,101,0.0031123000007937662,1.6676755999978923,1.675341499998467,17.023600000000002,61.23565539655396,1.0,0.0,100000
measured,212,5,3,discrete_mean,100000,numpy_native,,101,0.0,0.6622463000021526,0.6622463000021526,17.0134,61.13883182831828,1.0,0.0,100000
measured,212,5,4,discrete_mean,100000,dsl_full_w2,2,101,0.005273599999782164,1.9345486000020173,1.9443670000000566,17.023600000000002,61.23565539655396,1.0,0.0,100000
measured,213,9,1,linear_combination,1000000,dsl_full_w1,1,101,0.004111899997951696,2.8860567000010633,2.8972594999977446,29.007276012049047,43.032742732594755,1.0,0.0,1000000
measured,213,9,2,linear_combination,1000000,numpy_native,,101,0.0,0.7737582000008842,0.7737582000008842,28.99295116966434,42.9446070658461,1.0,0.0,1000000
measured,213,9,3,linear_combination,1000000,python_reference,,101,0.0,4.213868200000434,4.213868200000434,28.992951169665,42.944607065847144,1.0,0.0,1000000
measured,213,9,4,linear_combination,1000000,dsl_full_w2,2,101,0.0029031000012764707,3.1846267000000807,3.1949309000010544,29.007276012049047,43.032742732594755,1.0,0.0,1000000
measured,214,12,1,normal_mean,100000,dsl_full_w2,2,101,0.0036160999989078846,1.876540400000522,1.8845561999987694,10.008957229893548,4.0138725928769645,1.0,0.0,100000
measured,214,12,2,normal_mean,100000,numpy_native,,101,0.0,0.6468304000009084,0.6468304000009084,10.00373273671223,4.014955342619993,1.0,0.0,100000
measured,214,12,3,normal_mean,100000,dsl_full_w1,1,101,0.003521400001773145,1.6572736000016448,1.665306499999133,10.008957229893548,4.0138725928769645,1.0,0.0,100000
measured,214,12,4,normal_mean,100000,python_reference,,101,0.0,1.0838369999983115,1.0838369999983115,10.003732736712168,4.014955342619971,1.0,0.0,100000
measured,215,9,1,normal_mean,1000000,dsl_full_w2,2,101,0.002936500000942033,3.0995035999985703,3.107741799998621,10.00147606400736,4.01354213519083,1.0,0.0,1000000
measured,215,9,2,normal_mean,1000000,dsl_full_w1,1,101,0.005300400000123773,2.905769600001804,2.9151658000009775,10.00147606400736,4.01354213519083,1.0,0.0,1000000
measured,215,9,3,normal_mean,1000000,numpy_native,,101,0.0,0.73922169999787,0.73922169999787,9.999605792812769,3.9957119793354225,1.0,0.0,1000000
measured,215,9,4,normal_mean,1000000,python_reference,,101,0.0,4.255335900001228,4.255335900001228,9.999605792813405,3.9957119793355207,1.0,0.0,1000000
measured,216,20,1,normal_mean,1000000,numpy_native,,101,0.0,0.714454900000419,0.714454900000419,9.999605792812769,3.9957119793354225,1.0,0.0,1000000
measured,216,20,2,normal_mean,1000000,dsl_full_w2,2,101,0.0035229000022809487,3.173296400000254,3.1814708999991126,10.00147606400736,4.01354213519083,1.0,0.0,1000000
measured,216,20,3,normal_mean,1000000,python_reference,,101,0.0,4.22516639999958,4.22516639999958,9.999605792813405,3.9957119793355207,1.0,0.0,1000000
measured,216,20,4,normal_mean,1000000,dsl_full_w1,1,101,0.0030564000007871073,2.8141656999978295,2.8247246999999334,10.00147606400736,4.01354213519083,1.0,0.0,1000000
measured,217,22,1,linear_combination,1000000,dsl_full_w1,1,101,0.0061251999977685045,2.823004199999559,2.833719400001428,29.007276012049047,43.032742732594755,1.0,0.0,1000000
measured,217,22,2,linear_combination,1000000,dsl_full_w2,2,101,0.006279000001086388,3.185473900000943,3.1957279999987804,29.007276012049047,43.032742732594755,1.0,0.0,1000000
measured,217,22,3,linear_combination,1000000,numpy_native,,101,0.0,0.7815849999969942,0.7815849999969942,28.99295116966434,42.9446070658461,1.0,0.0,1000000
measured,217,22,4,linear_combination,1000000,python_reference,,101,0.0,4.287486799999897,4.287486799999897,28.992951169665,42.944607065847144,1.0,0.0,1000000
measured,218,26,1,linear_combination,1000000,dsl_full_w1,1,101,0.00340160000268952,2.9246120000025257,2.934694600000512,29.007276012049047,43.032742732594755,1.0,0.0,1000000
measured,218,26,2,linear_combination,1000000,numpy_native,,101,0.0,0.7650083000007726,0.7650083000007726,28.99295116966434,42.9446070658461,1.0,0.0,1000000
measured,218,26,3,linear_combination,1000000,dsl_full_w2,2,101,0.004104300001927186,3.174682400000165,3.18311900000117,29.007276012049047,43.032742732594755,1.0,0.0,1000000
measured,218,26,4,linear_combination,1000000,python_reference,,101,0.0,4.222062499997264,4.222062499997264,28.992951169665,42.944607065847144,1.0,0.0,1000000
measured,219,1,1,uniform_mean,1000000,numpy_native,,101,0.0,0.7070949000008113,0.7070949000008113,5.0022763266460135,8.333521927837207,1.0,0.0,1000000
measured,219,1,2,uniform_mean,1000000,dsl_full_w2,2,101,0.003750300002138829,3.1872953999991296,3.1954493000012008,5.002041273919748,8.328978121381377,1.0,0.0,1000000
measured,219,1,3,uniform_mean,1000000,dsl_full_w1,1,101,0.005062199998064898,2.918018199998187,2.9275601000008464,5.002041273919748,8.328978121381377,1.0,0.0,1000000
measured,219,1,4,uniform_mean,1000000,python_reference,,101,0.0,4.208570599999803,4.208570599999803,5.002276326646218,8.333521927837188,1.0,0.0,1000000
measured,220,20,1,linear_combination,1000000,python_reference,,101,0.0,4.2199029000003065,4.2199029000003065,28.992951169665,42.944607065847144,1.0,0.0,1000000
measured,220,20,2,linear_combination,1000000,dsl_full_w2,2,101,0.003509899997879984,3.1787337999994634,3.186661299998377,29.007276012049047,43.032742732594755,1.0,0.0,1000000
measured,220,20,3,linear_combination,1000000,dsl_full_w1,1,101,0.0038980000026640482,3.333536699999968,3.3418421000023955,29.007276012049047,43.032742732594755,1.0,0.0,1000000
measured,220,20,4,linear_combination,1000000,numpy_native,,101,0.0,0.7756838999994216,0.7756838999994216,28.99295116966434,42.9446070658461,1.0,0.0,1000000
measured,221,4,1,linear_combination,100000,dsl_full_w1,1,101,0.0032578999998804647,1.7256481000003987,1.734145800000988,29.011803708660572,43.25939696591443,1.0,0.0,100000
measured,221,4,2,linear_combination,100000,dsl_full_w2,2,101,0.0042815000015252735,1.9433258999997634,1.951905899997655,29.011803708660572,43.25939696591443,1.0,0.0,100000
measured,221,4,3,linear_combination,100000,numpy_native,,101,0.0,0.6522688000004564,0.6522688000004564,29.054709565439364,42.978853962159384,1.0,0.0,100000
measured,221,4,4,linear_combination,100000,python_reference,,101,0.0,1.0903954000023077,1.0903954000023077,29.054709565439047,42.97885396215865,1.0,0.0,100000
measured,222,8,1,uniform_mean,1000000,dsl_full_w2,2,101,0.0026046999992104247,3.11010510000051,3.117708699999639,5.002041273919748,8.328978121381377,1.0,0.0,1000000
measured,222,8,2,uniform_mean,1000000,dsl_full_w1,1,101,0.003585999998904299,2.858030299998063,2.8662175999998,5.002041273919748,8.328978121381377,1.0,0.0,1000000
measured,222,8,3,uniform_mean,1000000,numpy_native,,101,0.0,0.7265870000010182,0.7265870000010182,5.0022763266460135,8.333521927837207,1.0,0.0,1000000
measured,222,8,4,uniform_mean,1000000,python_reference,,101,0.0,4.249616199998854,4.249616199998854,5.002276326646218,8.333521927837188,1.0,0.0,1000000
measured,223,7,1,linear_combination,1000000,dsl_full_w2,2,101,0.0055179000009957235,3.0587660999990476,3.070416300000943,29.007276012049047,43.032742732594755,1.0,0.0,1000000
measured,223,7,2,linear_combination,1000000,python_reference,,101,0.0,4.260423699997773,4.260423699997773,28.992951169665,42.944607065847144,1.0,0.0,1000000
measured,223,7,3,linear_combination,1000000,dsl_full_w1,1,101,0.003037800001038704,2.9043156999978237,2.914563599999383,29.007276012049047,43.032742732594755,1.0,0.0,1000000
measured,223,7,4,linear_combination,1000000,numpy_native,,101,0.0,0.8207581999995455,0.8207581999995455,28.99295116966434,42.9446070658461,1.0,0.0,1000000
measured,224,14,1,linear_combination,10000,numpy_native,,101,0.0,0.660289899999043,0.660289899999043,28.98519581130602,43.27884253996888,1.0,0.0,10000
measured,224,14,2,linear_combination,10000,python_reference,,101,0.0,0.7817915000014182,0.7817915000014182,28.98519581130601,43.278842539968764,1.0,0.0,10000
measured,224,14,3,linear_combination,10000,dsl_full_w2,2,101,0.003274099999543978,1.6714382999998634,1.680073600000469,28.98519581130602,43.27884253996888,1.0,0.0,10000
measured,224,14,4,linear_combination,10000,dsl_full_w1,1,101,0.003874900001392234,1.6592663000010361,1.6674917999989702,28.98519581130602,43.27884253996888,1.0,0.0,10000
measured,225,3,1,normal_mean,10000,dsl_full_w2,2,101,0.0032731999999668915,1.6669705999993312,1.6748146999998426,9.973087919767995,4.047907153268256,1.0,0.0,10000
measured,225,3,2,normal_mean,10000,python_reference,,101,0.0,0.7830310000026657,0.7830310000026657,9.973087919767988,4.047907153268245,1.0,0.0,10000
measured,225,3,3,normal_mean,10000,dsl_full_w1,1,101,0.002579600000899518,1.6556125000024622,1.6632081999996444,9.973087919767995,4.047907153268256,1.0,0.0,10000
measured,225,3,4,normal_mean,10000,numpy_native,,101,0.0,0.6451367999979993,0.6451367999979993,9.973087919767995,4.047907153268256,1.0,0.0,10000
measured,226,14,1,uniform_mean,100000,dsl_full_w2,2,101,0.006505800000013551,1.8804028000013204,1.891059599998698,5.006012338679771,8.377145509510433,1.0,0.0,100000
measured,226,14,2,uniform_mean,100000,numpy_native,,101,0.0,0.6505923000004259,0.6505923000004259,5.004186247001897,8.336732359424687,1.0,0.0,100000
measured,226,14,3,uniform_mean,100000,python_reference,,101,0.0,1.0824056999990717,1.0824056999990717,5.004186247001891,8.336732359424765,1.0,0.0,100000
measured,226,14,4,uniform_mean,100000,dsl_full_w1,1,101,0.0032408999977633357,1.6773050999981933,1.6879890999989584,5.006012338679771,8.377145509510433,1.0,0.0,100000
measured,227,5,1,discrete_mean,10000,numpy_native,,101,0.0,0.6499969999968016,0.6499969999968016,17.048,61.39183518351836,1.0,0.0,10000
measured,227,5,2,discrete_mean,10000,python_reference,,101,0.0,0.7775099999998929,0.7775099999998929,17.048000000000055,61.391835183518545,1.0,0.0,10000
measured,227,5,3,discrete_mean,10000,dsl_full_w2,2,101,0.00519450000138022,1.6930003000015859,1.7029407000009087,17.048,61.39183518351836,1.0,0.0,10000
measured,227,5,4,discrete_mean,10000,dsl_full_w1,1,101,0.0037488999987544958,1.696134300000267,1.7039836999974796,17.048,61.39183518351836,1.0,0.0,10000
measured,228,29,1,discrete_mean,1000000,python_reference,,101,0.0,4.275281599999289,4.275281599999289,17.006179999999734,61.01470282230615,1.0,0.0,1000000
measured,228,29,2,discrete_mean,1000000,dsl_full_w2,2,101,0.0029718999976466876,2.936810500003048,2.94526709999991,17.006380000000004,61.0053003009003,1.0,0.0,1000000
measured,228,29,3,discrete_mean,1000000,numpy_native,,101,0.0,0.7660820999990392,0.7660820999990392,17.00618,61.01470282230283,1.0,0.0,1000000
measured,228,29,4,discrete_mean,1000000,dsl_full_w1,1,101,0.004187499998806743,2.5830138999990595,2.593211799998244,17.006380000000004,61.0053003009003,1.0,0.0,1000000
measured,229,13,1,uniform_mean,100000,numpy_native,,101,0.0,0.6460015999982716,0.6460015999982716,5.004186247001897,8.336732359424687,1.0,0.0,100000
measured,229,13,2,uniform_mean,100000,python_reference,,101,0.0,1.083654000001843,1.083654000001843,5.004186247001891,8.336732359424765,1.0,0.0,100000
measured,229,13,3,uniform_mean,100000,dsl_full_w2,2,101,0.007361500000115484,1.9323512000009941,1.9436994999996386,5.006012338679771,8.377145509510433,1.0,0.0,100000
measured,229,13,4,uniform_mean,100000,dsl_full_w1,1,101,0.003144800000882242,1.7000434000001405,1.7101354999977048,5.006012338679771,8.377145509510433,1.0,0.0,100000
measured,230,10,1,normal_mean,1000000,dsl_full_w1,1,101,0.004110999998374609,2.9044506999998703,2.9156755000003614,10.00147606400736,4.01354213519083,1.0,0.0,1000000
measured,230,10,2,normal_mean,1000000,numpy_native,,101,0.0,0.7384827999994741,0.7384827999994741,9.999605792812769,3.9957119793354225,1.0,0.0,1000000
measured,230,10,3,normal_mean,1000000,python_reference,,101,0.0,4.217914299999393,4.217914299999393,9.999605792813405,3.9957119793355207,1.0,0.0,1000000
measured,230,10,4,normal_mean,1000000,dsl_full_w2,2,101,0.0057226999997510575,3.1495813000001363,3.159595900000568,10.00147606400736,4.01354213519083,1.0,0.0,1000000
measured,231,16,1,uniform_mean,100000,dsl_full_w2,2,101,0.003452199998719152,1.9299240000000282,1.9378507999972499,5.006012338679771,8.377145509510433,1.0,0.0,100000
measured,231,16,2,uniform_mean,100000,python_reference,,101,0.0,1.0519193000000087,1.0519193000000087,5.004186247001891,8.336732359424765,1.0,0.0,100000
measured,231,16,3,uniform_mean,100000,dsl_full_w1,1,101,0.0045552000010502525,1.7036249000011594,1.7124987999995938,5.006012338679771,8.377145509510433,1.0,0.0,100000
measured,231,16,4,uniform_mean,100000,numpy_native,,101,0.0,0.6567719000013312,0.6567719000013312,5.004186247001897,8.336732359424687,1.0,0.0,100000
measured,232,8,1,linear_combination,100000,dsl_full_w2,2,101,0.003846499999781372,1.9258239999981015,1.934168600000703,29.011803708660572,43.25939696591443,1.0,0.0,100000
measured,232,8,2,linear_combination,100000,dsl_full_w1,1,101,0.0035334000021975953,1.7031364000031317,1.7140599000013026,29.011803708660572,43.25939696591443,1.0,0.0,100000
measured,232,8,3,linear_combination,100000,numpy_native,,101,0.0,0.6607964999966498,0.6607964999966498,29.054709565439364,42.978853962159384,1.0,0.0,100000
measured,232,8,4,linear_combination,100000,python_reference,,101,0.0,1.085750599999301,1.085750599999301,29.054709565439047,42.97885396215865,1.0,0.0,100000
measured,233,18,1,discrete_mean,10000,python_reference,,101,0.0,0.7382930000021588,0.7382930000021588,17.048000000000055,61.391835183518545,1.0,0.0,10000
measured,233,18,2,discrete_mean,10000,dsl_full_w1,1,101,0.00591070000155014,1.5903465000010328,1.6005374999986088,17.048,61.39183518351836,1.0,0.0,10000
measured,233,18,3,discrete_mean,10000,dsl_full_w2,2,101,0.004246000000421191,1.6879797000001417,1.6962992999979178,17.048,61.39183518351836,1.0,0.0,10000
measured,233,18,4,discrete_mean,10000,numpy_native,,101,0.0,0.6368222999990394,0.6368222999990394,17.048,61.39183518351836,1.0,0.0,10000
measured,234,28,1,uniform_mean,10000,dsl_full_w2,2,101,0.003504899999825284,1.6720982000006188,1.680218599998625,5.009158303096408,8.442724596701995,1.0,0.0,10000
measured,234,28,2,uniform_mean,10000,python_reference,,101,0.0,0.7754029000025184,0.7754029000025184,5.009158303096424,8.442724596701998,1.0,0.0,10000
measured,234,28,3,uniform_mean,10000,dsl_full_w1,1,101,0.005585899998550303,1.6709367000003112,1.6805749000013748,5.009158303096408,8.442724596701995,1.0,0.0,10000
measured,234,28,4,uniform_mean,10000,numpy_native,,101,0.0,0.6378074000022025,0.6378074000022025,5.009158303096408,8.442724596701995,1.0,0.0,10000
measured,235,2,1,normal_mean,100000,dsl_full_w1,1,101,0.00376959999994142,1.6990580999990925,1.7072595999998157,10.008957229893548,4.0138725928769645,1.0,0.0,100000
measured,235,2,2,normal_mean,100000,dsl_full_w2,2,101,0.006328700001176912,1.9447788999968907,1.955274299998564,10.008957229893548,4.0138725928769645,1.0,0.0,100000
measured,235,2,3,normal_mean,100000,python_reference,,101,0.0,1.0842144999987795,1.0842144999987795,10.003732736712168,4.014955342619971,1.0,0.0,100000
measured,235,2,4,normal_mean,100000,numpy_native,,101,0.0,0.624413800000184,0.624413800000184,10.00373273671223,4.014955342619993,1.0,0.0,100000
measured,236,11,1,uniform_mean,10000,numpy_native,,101,0.0,0.6340030999999726,0.6340030999999726,5.009158303096408,8.442724596701995,1.0,0.0,10000
measured,236,11,2,uniform_mean,10000,dsl_full_w2,2,101,0.0032087999970826786,1.6561369999981252,1.664190999999846,5.009158303096408,8.442724596701995,1.0,0.0,10000
measured,236,11,3,uniform_mean,10000,python_reference,,101,0.0,0.7728497999996762,0.7728497999996762,5.009158303096424,8.442724596701998,1.0,0.0,10000
measured,236,11,4,uniform_mean,10000,dsl_full_w1,1,101,0.003144599999359343,1.663141999997606,1.6708791000019119,5.009158303096408,8.442724596701995,1.0,0.0,10000
measured,237,7,1,discrete_mean,1000000,dsl_full_w1,1,101,0.0046181999969121534,2.600731499998801,2.609455900001194,17.006380000000004,61.0053003009003,1.0,0.0,1000000
measured,237,7,2,discrete_mean,1000000,python_reference,,101,0.0,4.305436399998143,4.305436399998143,17.006179999999734,61.01470282230615,1.0,0.0,1000000
measured,237,7,3,discrete_mean,1000000,dsl_full_w2,2,101,0.0030088000021351036,2.7657708000006096,2.7761912000023585,17.006380000000004,61.0053003009003,1.0,0.0,1000000
measured,237,7,4,discrete_mean,1000000,numpy_native,,101,0.0,0.7610026000002108,0.7610026000002108,17.00618,61.01470282230283,1.0,0.0,1000000
measured,238,24,1,linear_combination,10000,numpy_native,,101,0.0,0.6385824999997567,0.6385824999997567,28.98519581130602,43.27884253996888,1.0,0.0,10000
measured,238,24,2,linear_combination,10000,dsl_full_w1,1,101,0.004164400001172908,1.659236499999679,1.6675705999987258,28.98519581130602,43.27884253996888,1.0,0.0,10000
measured,238,24,3,linear_combination,10000,dsl_full_w2,2,101,0.0038666999971610494,1.6122420000028796,1.6241665000015928,28.98519581130602,43.27884253996888,1.0,0.0,10000
measured,238,24,4,linear_combination,10000,python_reference,,101,0.0,0.7717580999997153,0.7717580999997153,28.98519581130601,43.278842539968764,1.0,0.0,10000
measured,239,18,1,uniform_mean,1000000,numpy_native,,101,0.0,0.7274664999968081,0.7274664999968081,5.0022763266460135,8.333521927837207,1.0,0.0,1000000
measured,239,18,2,uniform_mean,1000000,python_reference,,101,0.0,4.164297700001043,4.164297700001043,5.002276326646218,8.333521927837188,1.0,0.0,1000000
measured,239,18,3,uniform_mean,1000000,dsl_full_w2,2,101,0.0026882000020123087,3.2112276000007114,3.2189801999993506,5.002041273919748,8.328978121381377,1.0,0.0,1000000
measured,239,18,4,uniform_mean,1000000,dsl_full_w1,1,101,0.0030600000027334318,2.8753974999999627,2.8833629000000656,5.002041273919748,8.328978121381377,1.0,0.0,1000000
measured,240,7,1,uniform_mean,100000,numpy_native,,101,0.0,0.6474698000019998,0.6474698000019998,5.004186247001897,8.336732359424687,1.0,0.0,100000
measured,240,7,2,uniform_mean,100000,dsl_full_w2,2,101,0.00652049999916926,1.9460171000027913,1.9573433000005025,5.006012338679771,8.377145509510433,1.0,0.0,100000
measured,240,7,3,uniform_mean,100000,python_reference,,101,0.0,1.086416800000734,1.086416800000734,5.004186247001891,8.336732359424765,1.0,0.0,100000
measured,240,7,4,uniform_mean,100000,dsl_full_w1,1,101,0.002949500001705019,1.6928135999987717,1.7024176999984775,5.006012338679771,8.377145509510433,1.0,0.0,100000
measured,241,16,1,normal_mean,100000,dsl_full_w2,2,101,0.003028000002814224,1.9451929999995627,1.952522499999759,10.008957229893548,4.0138725928769645,1.0,0.0,100000
measured,241,16,2,normal_mean,100000,numpy_native,,101,0.0,0.6470955000004324,0.6470955000004324,10.00373273671223,4.014955342619993,1.0,0.0,100000
measured,241,16,3,normal_mean,100000,python_reference,,101,0.0,1.073244799998065,1.073244799998065,10.003732736712168,4.014955342619971,1.0,0.0,100000
measured,241,16,4,normal_mean,100000,dsl_full_w1,1,101,0.002813099999912083,1.6727667999984988,1.682203100001061,10.008957229893548,4.0138725928769645,1.0,0.0,100000
measured,242,28,1,discrete_mean,1000000,dsl_full_w2,2,101,0.006182199998875149,2.7948324999997567,2.8053036000019347,17.006380000000004,61.0053003009003,1.0,0.0,1000000
measured,242,28,2,discrete_mean,1000000,dsl_full_w1,1,101,0.004815000000235159,2.5580251999999746,2.567591499999253,17.006380000000004,61.0053003009003,1.0,0.0,1000000
measured,242,28,3,discrete_mean,1000000,numpy_native,,101,0.0,0.7754924000000756,0.7754924000000756,17.00618,61.01470282230283,1.0,0.0,1000000
measured,242,28,4,discrete_mean,1000000,python_reference,,101,0.0,4.238293399997929,4.238293399997929,17.006179999999734,61.01470282230615,1.0,0.0,1000000
measured,243,7,1,normal_mean,100000,numpy_native,,101,0.0,0.6180456000001868,0.6180456000001868,10.00373273671223,4.014955342619993,1.0,0.0,100000
measured,243,7,2,normal_mean,100000,python_reference,,101,0.0,1.092760100000305,1.092760100000305,10.003732736712168,4.014955342619971,1.0,0.0,100000
measured,243,7,3,normal_mean,100000,dsl_full_w1,1,101,0.0028887000007671304,1.6920499000007112,1.6999976000006427,10.008957229893548,4.0138725928769645,1.0,0.0,100000
measured,243,7,4,normal_mean,100000,dsl_full_w2,2,101,0.003894500001479173,1.9496332000016992,1.959349900000234,10.008957229893548,4.0138725928769645,1.0,0.0,100000
measured,244,7,1,linear_combination,10000,dsl_full_w1,1,101,0.003612500000599539,1.6693927999986045,1.6782101999997394,28.98519581130602,43.27884253996888,1.0,0.0,10000
measured,244,7,2,linear_combination,10000,python_reference,,101,0.0,0.7848764000009396,0.7848764000009396,28.98519581130601,43.278842539968764,1.0,0.0,10000
measured,244,7,3,linear_combination,10000,dsl_full_w2,2,101,0.003504700001940364,1.6639470000009169,1.672631099998398,28.98519581130602,43.27884253996888,1.0,0.0,10000
measured,244,7,4,linear_combination,10000,numpy_native,,101,0.0,0.6357308000006014,0.6357308000006014,28.98519581130602,43.27884253996888,1.0,0.0,10000
measured,245,2,1,discrete_mean,100000,dsl_full_w2,2,101,0.004260400000930531,1.9249316999994335,1.934473799999978,17.023600000000002,61.23565539655396,1.0,0.0,100000
measured,245,2,2,discrete_mean,100000,dsl_full_w1,1,101,0.003963599996495759,1.7001756999998179,1.7084538000017346,17.023600000000002,61.23565539655396,1.0,0.0,100000
measured,245,2,3,discrete_mean,100000,numpy_native,,101,0.0,0.6495165000014822,0.6495165000014822,17.0134,61.13883182831828,1.0,0.0,100000
measured,245,2,4,discrete_mean,100000,python_reference,,101,0.0,1.1046177000025637,1.1046177000025637,17.013400000000193,61.13883182831891,1.0,0.0,100000
measured,246,30,1,normal_mean,1000000,python_reference,,101,0.0,4.186951300001965,4.186951300001965,9.999605792813405,3.9957119793355207,1.0,0.0,1000000
measured,246,30,2,normal_mean,1000000,dsl_full_w1,1,101,0.0026852000009967014,2.906756199998199,2.9146451000015077,10.00147606400736,4.01354213519083,1.0,0.0,1000000
measured,246,30,3,normal_mean,1000000,dsl_full_w2,2,101,0.0030842999985907227,3.1577856999974756,3.1655413000007684,10.00147606400736,4.01354213519083,1.0,0.0,1000000
measured,246,30,4,normal_mean,1000000,numpy_native,,101,0.0,0.7438999000005424,0.7438999000005424,9.999605792812769,3.9957119793354225,1.0,0.0,1000000
measured,247,19,1,discrete_mean,100000,dsl_full_w2,2,101,0.006038899999111891,1.9193447999969067,1.9296168000000762,17.023600000000002,61.23565539655396,1.0,0.0,100000
measured,247,19,2,discrete_mean,100000,python_reference,,101,0.0,1.0946914999985893,1.0946914999985893,17.013400000000193,61.13883182831891,1.0,0.0,100000
measured,247,19,3,discrete_mean,100000,numpy_native,,101,0.0,0.6217514999989362,0.6217514999989362,17.0134,61.13883182831828,1.0,0.0,100000
measured,247,19,4,discrete_mean,100000,dsl_full_w1,1,101,0.006013999998685904,1.655721099999937,1.6661282999994,17.023600000000002,61.23565539655396,1.0,0.0,100000
measured,248,4,1,normal_mean,1000000,dsl_full_w1,1,101,0.0030637999989266973,2.9149032000023,2.9224414999989676,10.00147606400736,4.01354213519083,1.0,0.0,1000000
measured,248,4,2,normal_mean,1000000,python_reference,,101,0.0,4.246103199999197,4.246103199999197,9.999605792813405,3.9957119793355207,1.0,0.0,1000000
measured,248,4,3,normal_mean,1000000,dsl_full_w2,2,101,0.003534100000251783,3.1744015000003856,3.1825251999980537,10.00147606400736,4.01354213519083,1.0,0.0,1000000
measured,248,4,4,normal_mean,1000000,numpy_native,,101,0.0,0.743291799997678,0.743291799997678,9.999605792812769,3.9957119793354225,1.0,0.0,1000000
measured,249,12,1,uniform_mean,10000,dsl_full_w1,1,101,0.003267300002335105,1.636459899997135,1.6467311000014888,5.009158303096408,8.442724596701995,1.0,0.0,10000
measured,249,12,2,uniform_mean,10000,python_reference,,101,0.0,0.76755459999913,0.76755459999913,5.009158303096424,8.442724596701998,1.0,0.0,10000
measured,249,12,3,uniform_mean,10000,dsl_full_w2,2,101,0.0035768999987340067,1.6674039999998058,1.6782072999994853,5.009158303096408,8.442724596701995,1.0,0.0,10000
measured,249,12,4,uniform_mean,10000,numpy_native,,101,0.0,0.6469185999994806,0.6469185999994806,5.009158303096408,8.442724596701995,1.0,0.0,10000
measured,250,30,1,uniform_mean,1000000,dsl_full_w2,2,101,0.003222200000891462,3.1685422000009567,3.177180300001055,5.002041273919748,8.328978121381377,1.0,0.0,1000000
measured,250,30,2,uniform_mean,1000000,dsl_full_w1,1,101,0.002961899997899309,2.964362800001254,2.974285200001759,5.002041273919748,8.328978121381377,1.0,0.0,1000000
measured,250,30,3,uniform_mean,1000000,python_reference,,101,0.0,4.675701399999525,4.675701399999525,5.002276326646218,8.333521927837188,1.0,0.0,1000000
measured,250,30,4,uniform_mean,1000000,numpy_native,,101,0.0,0.6928853999997955,0.6928853999997955,5.0022763266460135,8.333521927837207,1.0,0.0,1000000
measured,251,17,1,discrete_mean,1000000,python_reference,,101,0.0,4.834983000000648,4.834983000000648,17.006179999999734,61.01470282230615,1.0,0.0,1000000
measured,251,17,2,discrete_mean,1000000,dsl_full_w1,1,101,0.0030217999992601108,2.5123048999994353,2.5229933000009623,17.006380000000004,61.0053003009003,1.0,0.0,1000000
measured,251,17,3,discrete_mean,1000000,numpy_native,,101,0.0,0.7548352999983763,0.7548352999983763,17.00618,61.01470282230283,1.0,0.0,1000000
measured,251,17,4,discrete_mean,1000000,dsl_full_w2,2,101,0.005522499999642605,2.8471929999977874,2.857894500000839,17.006380000000004,61.0053003009003,1.0,0.0,1000000
measured,252,13,1,discrete_mean,10000,dsl_full_w1,1,101,0.003340600000228733,1.7004787999976543,1.7095892999968783,17.048,61.39183518351836,1.0,0.0,10000
measured,252,13,2,discrete_mean,10000,python_reference,,101,0.0,0.778010500001983,0.778010500001983,17.048000000000055,61.391835183518545,1.0,0.0,10000
measured,252,13,3,discrete_mean,10000,dsl_full_w2,2,101,0.0058572999987518415,1.6139432000018132,1.6240303999984462,17.048,61.39183518351836,1.0,0.0,10000
measured,252,13,4,discrete_mean,10000,numpy_native,,101,0.0,0.6506258000008529,0.6506258000008529,17.048,61.39183518351836,1.0,0.0,10000
measured,253,6,1,uniform_mean,1000000,numpy_native,,101,0.0,0.7327734999998938,0.7327734999998938,5.0022763266460135,8.333521927837207,1.0,0.0,1000000
measured,253,6,2,uniform_mean,1000000,dsl_full_w2,2,101,0.0036144999976386316,3.194603600000846,3.205341500000941,5.002041273919748,8.328978121381377,1.0,0.0,1000000
measured,253,6,3,uniform_mean,1000000,dsl_full_w1,1,101,0.005986500000290107,2.943276899997727,2.954841900002066,5.002041273919748,8.328978121381377,1.0,0.0,1000000
measured,253,6,4,uniform_mean,1000000,python_reference,,101,0.0,4.215408400003071,4.215408400003071,5.002276326646218,8.333521927837188,1.0,0.0,1000000
measured,254,8,1,normal_mean,1000000,dsl_full_w1,1,101,0.005740600001445273,2.9501775999997335,2.960047399999894,10.00147606400736,4.01354213519083,1.0,0.0,1000000
measured,254,8,2,normal_mean,1000000,dsl_full_w2,2,101,0.002745699999650242,3.1599290999984078,3.1676767999997537,10.00147606400736,4.01354213519083,1.0,0.0,1000000
measured,254,8,3,normal_mean,1000000,numpy_native,,101,0.0,0.7364307000025292,0.7364307000025292,9.999605792812769,3.9957119793354225,1.0,0.0,1000000
measured,254,8,4,normal_mean,1000000,python_reference,,101,0.0,4.230559899999207,4.230559899999207,9.999605792813405,3.9957119793355207,1.0,0.0,1000000
measured,255,23,1,uniform_mean,100000,dsl_full_w2,2,101,0.0027969999973720405,1.9000015999990865,1.907822599998326,5.006012338679771,8.377145509510433,1.0,0.0,100000
measured,255,23,2,uniform_mean,100000,dsl_full_w1,1,101,0.0037744000001112,1.7173655000005965,1.7251864000027126,5.006012338679771,8.377145509510433,1.0,0.0,100000
measured,255,23,3,uniform_mean,100000,python_reference,,101,0.0,1.092414299997472,1.092414299997472,5.004186247001891,8.336732359424765,1.0,0.0,100000
measured,255,23,4,uniform_mean,100000,numpy_native,,101,0.0,0.61581699999806,0.61581699999806,5.004186247001897,8.336732359424687,1.0,0.0,100000
measured,256,6,1,normal_mean,100000,dsl_full_w2,2,101,0.004730200002086349,1.9892857000013464,1.998266099999455,10.008957229893548,4.0138725928769645,1.0,0.0,100000
measured,256,6,2,normal_mean,100000,numpy_native,,101,0.0,0.642917999997735,0.642917999997735,10.00373273671223,4.014955342619993,1.0,0.0,100000
measured,256,6,3,normal_mean,100000,dsl_full_w1,1,101,0.004000500000984175,1.7019868999996106,1.7100489000004018,10.008957229893548,4.0138725928769645,1.0,0.0,100000
measured,256,6,4,normal_mean,100000,python_reference,,101,0.0,1.077376600002026,1.077376600002026,10.003732736712168,4.014955342619971,1.0,0.0,100000
measured,257,25,1,linear_combination,1000000,python_reference,,101,0.0,4.16348939999807,4.16348939999807,28.992951169665,42.944607065847144,1.0,0.0,1000000
measured,257,25,2,linear_combination,1000000,dsl_full_w2,2,101,0.0029646999973920174,3.1120496000003186,3.120035400002962,29.007276012049047,43.032742732594755,1.0,0.0,1000000
measured,257,25,3,linear_combination,1000000,numpy_native,,101,0.0,0.7807509999984177,0.7807509999984177,28.99295116966434,42.9446070658461,1.0,0.0,1000000
measured,257,25,4,linear_combination,1000000,dsl_full_w1,1,101,0.003850999997666804,2.8797427999998035,2.8912147999981244,29.007276012049047,43.032742732594755,1.0,0.0,1000000
measured,258,9,1,uniform_mean,10000,dsl_full_w1,1,101,0.00547990000268328,1.6042521000017587,1.6137190000008559,5.009158303096408,8.442724596701995,1.0,0.0,10000
measured,258,9,2,uniform_mean,10000,numpy_native,,101,0.0,0.635107699999935,0.635107699999935,5.009158303096408,8.442724596701995,1.0,0.0,10000
measured,258,9,3,uniform_mean,10000,dsl_full_w2,2,101,0.005021599998144666,1.6746457999979611,1.6844000999990385,5.009158303096408,8.442724596701995,1.0,0.0,10000
measured,258,9,4,uniform_mean,10000,python_reference,,101,0.0,0.7692545999998401,0.7692545999998401,5.009158303096424,8.442724596701998,1.0,0.0,10000
measured,259,14,1,uniform_mean,10000,python_reference,,101,0.0,0.7824169000014081,0.7824169000014081,5.009158303096424,8.442724596701998,1.0,0.0,10000
measured,259,14,2,uniform_mean,10000,dsl_full_w2,2,101,0.0033435999976063613,1.6521175999987463,1.6610126999985368,5.009158303096408,8.442724596701995,1.0,0.0,10000
measured,259,14,3,uniform_mean,10000,dsl_full_w1,1,101,0.003577300001779804,1.678502099999605,1.6865183999980218,5.009158303096408,8.442724596701995,1.0,0.0,10000
measured,259,14,4,uniform_mean,10000,numpy_native,,101,0.0,0.651527799996984,0.651527799996984,5.009158303096408,8.442724596701995,1.0,0.0,10000
measured,260,28,1,discrete_mean,10000,dsl_full_w1,1,101,0.003262999998696614,1.647454400001152,1.6584260999989056,17.048,61.39183518351836,1.0,0.0,10000
measured,260,28,2,discrete_mean,10000,numpy_native,,101,0.0,0.6459018999994441,0.6459018999994441,17.048,61.39183518351836,1.0,0.0,10000
measured,260,28,3,discrete_mean,10000,dsl_full_w2,2,101,0.0031412999996973667,1.6689940999967803,1.6765537000028417,17.048,61.39183518351836,1.0,0.0,10000
measured,260,28,4,discrete_mean,10000,python_reference,,101,0.0,0.7604955000024347,0.7604955000024347,17.048000000000055,61.391835183518545,1.0,0.0,10000
measured,261,16,1,discrete_mean,10000,dsl_full_w1,1,101,0.0035442999978840817,1.6669150000016089,1.6775386000008439,17.048,61.39183518351836,1.0,0.0,10000
measured,261,16,2,discrete_mean,10000,dsl_full_w2,2,101,0.004024099998787278,1.6782136000001628,1.6862737999981618,17.048,61.39183518351836,1.0,0.0,10000
measured,261,16,3,discrete_mean,10000,numpy_native,,101,0.0,0.6369488999989699,0.6369488999989699,17.048,61.39183518351836,1.0,0.0,10000
measured,261,16,4,discrete_mean,10000,python_reference,,101,0.0,0.7767958999975235,0.7767958999975235,17.048000000000055,61.391835183518545,1.0,0.0,10000
measured,262,12,1,uniform_mean,100000,python_reference,,101,0.0,1.0838793000002624,1.0838793000002624,5.004186247001891,8.336732359424765,1.0,0.0,100000
measured,262,12,2,uniform_mean,100000,dsl_full_w1,1,101,0.0047974000008252915,1.6905566999994335,1.6997341999995115,5.006012338679771,8.377145509510433,1.0,0.0,100000
measured,262,12,3,uniform_mean,100000,numpy_native,,101,0.0,0.6494988999984344,0.6494988999984344,5.004186247001897,8.336732359424687,1.0,0.0,100000
measured,262,12,4,uniform_mean,100000,dsl_full_w2,2,101,0.0026303999984520487,1.9262935999977344,1.9329445999974268,5.006012338679771,8.377145509510433,1.0,0.0,100000
measured,263,9,1,linear_combination,100000,dsl_full_w2,2,101,0.0035754999989876524,1.9243360000000393,1.9352659999967727,29.011803708660572,43.25939696591443,1.0,0.0,100000
measured,263,9,2,linear_combination,100000,numpy_native,,101,0.0,0.6566683000019111,0.6566683000019111,29.054709565439364,42.978853962159384,1.0,0.0,100000
measured,263,9,3,linear_combination,100000,python_reference,,101,0.0,1.0837209000019357,1.0837209000019357,29.054709565439047,42.97885396215865,1.0,0.0,100000
measured,263,9,4,linear_combination,100000,dsl_full_w1,1,101,0.0033452999996370636,1.7046121999992465,1.7127251000019896,29.011803708660572,43.25939696591443,1.0,0.0,100000
measured,264,17,1,linear_combination,100000,dsl_full_w2,2,101,0.0037064999996800907,1.9582005000011122,1.9663556999985303,29.011803708660572,43.25939696591443,1.0,0.0,100000
measured,264,17,2,linear_combination,100000,numpy_native,,101,0.0,0.6564574999974866,0.6564574999974866,29.054709565439364,42.978853962159384,1.0,0.0,100000
measured,264,17,3,linear_combination,100000,dsl_full_w1,1,101,0.0066760999980033375,1.7059720999968704,1.7168636999995215,29.011803708660572,43.25939696591443,1.0,0.0,100000
measured,264,17,4,linear_combination,100000,python_reference,,101,0.0,1.0930159999988973,1.0930159999988973,29.054709565439047,42.97885396215865,1.0,0.0,100000
measured,265,19,1,uniform_mean,1000000,dsl_full_w2,2,101,0.0029954999990877695,3.189148599998589,3.1985950999987836,5.002041273919748,8.328978121381377,1.0,0.0,1000000
measured,265,19,2,uniform_mean,1000000,numpy_native,,101,0.0,0.7256167000014102,0.7256167000014102,5.0022763266460135,8.333521927837207,1.0,0.0,1000000
measured,265,19,3,uniform_mean,1000000,python_reference,,101,0.0,4.199413599999389,4.199413599999389,5.002276326646218,8.333521927837188,1.0,0.0,1000000
measured,265,19,4,uniform_mean,1000000,dsl_full_w1,1,101,0.002642700001160847,2.933009899999888,2.9409039999991364,5.002041273919748,8.328978121381377,1.0,0.0,1000000
measured,266,19,1,discrete_mean,1000000,numpy_native,,101,0.0,0.7650771999979042,0.7650771999979042,17.00618,61.01470282230283,1.0,0.0,1000000
measured,266,19,2,discrete_mean,1000000,python_reference,,101,0.0,4.277264700001979,4.277264700001979,17.006179999999734,61.01470282230615,1.0,0.0,1000000
measured,266,19,3,discrete_mean,1000000,dsl_full_w1,1,101,0.0034321999992243946,2.566712499999994,2.5745051999983843,17.006380000000004,61.0053003009003,1.0,0.0,1000000
measured,266,19,4,discrete_mean,1000000,dsl_full_w2,2,101,0.0036098000018682797,2.8182168000021193,2.8272219999998924,17.006380000000004,61.0053003009003,1.0,0.0,1000000
measured,267,8,1,normal_mean,10000,python_reference,,101,0.0,0.7854029000009177,0.7854029000009177,9.973087919767988,4.047907153268245,1.0,0.0,10000
measured,267,8,2,normal_mean,10000,dsl_full_w2,2,101,0.0038492999992740806,1.6648037000013574,1.672779000000446,9.973087919767995,4.047907153268256,1.0,0.0,10000
measured,267,8,3,normal_mean,10000,dsl_full_w1,1,101,0.0032308000008924864,1.6764787000029173,1.691335399998934,9.973087919767995,4.047907153268256,1.0,0.0,10000
measured,267,8,4,normal_mean,10000,numpy_native,,101,0.0,0.621722600000794,0.621722600000794,9.973087919767995,4.047907153268256,1.0,0.0,10000
measured,268,15,1,discrete_mean,10000,python_reference,,101,0.0,0.7228190999994695,0.7228190999994695,17.048000000000055,61.391835183518545,1.0,0.0,10000
measured,268,15,2,discrete_mean,10000,dsl_full_w1,1,101,0.006722400001308415,1.6705739999997604,1.681290300002729,17.048,61.39183518351836,1.0,0.0,10000
measured,268,15,3,discrete_mean,10000,dsl_full_w2,2,101,0.005022200002713362,1.611539100002119,1.6209363999987545,17.048,61.39183518351836,1.0,0.0,10000
measured,268,15,4,discrete_mean,10000,numpy_native,,101,0.0,0.6448326000027009,0.6448326000027009,17.048,61.39183518351836,1.0,0.0,10000
measured,269,7,1,normal_mean,1000000,dsl_full_w2,2,101,0.003269400000135647,3.172610400000849,3.1814209000003757,10.00147606400736,4.01354213519083,1.0,0.0,1000000
measured,269,7,2,normal_mean,1000000,dsl_full_w1,1,101,0.005905599999096012,2.9388899999976275,2.949120799999946,10.00147606400736,4.01354213519083,1.0,0.0,1000000
measured,269,7,3,normal_mean,1000000,numpy_native,,101,0.0,0.7404141000006348,0.7404141000006348,9.999605792812769,3.9957119793354225,1.0,0.0,1000000
measured,269,7,4,normal_mean,1000000,python_reference,,101,0.0,4.1577198000013595,4.1577198000013595,9.999605792813405,3.9957119793355207,1.0,0.0,1000000
measured,270,21,1,linear_combination,10000,dsl_full_w2,2,101,0.006000000001222361,1.6504883999987214,1.6611200000006647,28.98519581130602,43.27884253996888,1.0,0.0,10000
measured,270,21,2,linear_combination,10000,python_reference,,101,0.0,0.7704611999979534,0.7704611999979534,28.98519581130601,43.278842539968764,1.0,0.0,10000
measured,270,21,3,linear_combination,10000,dsl_full_w1,1,101,0.005810200000269106,1.6609122999980173,1.6713046999975631,28.98519581130602,43.27884253996888,1.0,0.0,10000
measured,270,21,4,linear_combination,10000,numpy_native,,101,0.0,0.7090269000000262,0.7090269000000262,28.98519581130602,43.27884253996888,1.0,0.0,10000
measured,271,15,1,linear_combination,10000,dsl_full_w2,2,101,0.005000200002541533,1.6631220000017493,1.6722091999981785,28.98519581130602,43.27884253996888,1.0,0.0,10000
measured,271,15,2,linear_combination,10000,dsl_full_w1,1,101,0.0077618000032089185,1.6674189000004844,1.6821053999992728,28.98519581130602,43.27884253996888,1.0,0.0,10000
measured,271,15,3,linear_combination,10000,numpy_native,,101,0.0,0.6406372999990708,0.6406372999990708,28.98519581130602,43.27884253996888,1.0,0.0,10000
measured,271,15,4,linear_combination,10000,python_reference,,101,0.0,0.7790442000004987,0.7790442000004987,28.98519581130601,43.278842539968764,1.0,0.0,10000
measured,272,16,1,linear_combination,10000,dsl_full_w1,1,101,0.0030684000012115575,1.6658696999984386,1.6760640000029525,28.98519581130602,43.27884253996888,1.0,0.0,10000
measured,272,16,2,linear_combination,10000,numpy_native,,101,0.0,0.6316527000017231,0.6316527000017231,28.98519581130602,43.27884253996888,1.0,0.0,10000
measured,272,16,3,linear_combination,10000,python_reference,,101,0.0,0.7946659000008367,0.7946659000008367,28.98519581130601,43.278842539968764,1.0,0.0,10000
measured,272,16,4,linear_combination,10000,dsl_full_w2,2,101,0.003281799999967916,1.6933386999990034,1.7008553999985452,28.98519581130602,43.27884253996888,1.0,0.0,10000
measured,273,29,1,uniform_mean,10000,python_reference,,101,0.0,0.7906847000012931,0.7906847000012931,5.009158303096424,8.442724596701998,1.0,0.0,10000
measured,273,29,2,uniform_mean,10000,dsl_full_w1,1,101,0.005977400000119815,1.674059799999668,1.6842690000012226,5.009158303096408,8.442724596701995,1.0,0.0,10000
measured,273,29,3,uniform_mean,10000,dsl_full_w2,2,101,0.002738099999987753,1.6206863000006706,1.6287703000016336,5.009158303096408,8.442724596701995,1.0,0.0,10000
measured,273,29,4,uniform_mean,10000,numpy_native,,101,0.0,0.641424299999926,0.641424299999926,5.009158303096408,8.442724596701995,1.0,0.0,10000
measured,274,10,1,linear_combination,1000000,dsl_full_w1,1,101,0.006110500002250774,2.9244184999988647,2.9346600999997463,29.007276012049047,43.032742732594755,1.0,0.0,1000000
measured,274,10,2,linear_combination,1000000,python_reference,,101,0.0,4.22682839999834,4.22682839999834,28.992951169665,42.944607065847144,1.0,0.0,1000000
measured,274,10,3,linear_combination,1000000,numpy_native,,101,0.0,0.7617702999996254,0.7617702999996254,28.99295116966434,42.9446070658461,1.0,0.0,1000000
measured,274,10,4,linear_combination,1000000,dsl_full_w2,2,101,0.0032557000013184734,3.189620900000591,3.19751560000077,29.007276012049047,43.032742732594755,1.0,0.0,1000000
measured,275,4,1,normal_mean,100000,python_reference,,101,0.0,1.0914037000002281,1.0914037000002281,10.003732736712168,4.014955342619971,1.0,0.0,100000
measured,275,4,2,normal_mean,100000,numpy_native,,101,0.0,0.61829619999844,0.61829619999844,10.00373273671223,4.014955342619993,1.0,0.0,100000
measured,275,4,3,normal_mean,100000,dsl_full_w1,1,101,0.0031730000009702053,1.7098135000014736,1.7175710999981675,10.008957229893548,4.0138725928769645,1.0,0.0,100000
measured,275,4,4,normal_mean,100000,dsl_full_w2,2,101,0.006650500003161142,1.927887699999701,1.9386114000008092,10.008957229893548,4.0138725928769645,1.0,0.0,100000
measured,276,27,1,linear_combination,10000,dsl_full_w1,1,101,0.0034355999996478204,1.6905399999996007,1.6984499999998661,28.98519581130602,43.27884253996888,1.0,0.0,10000
measured,276,27,2,linear_combination,10000,numpy_native,,101,0.0,0.6342612000007648,0.6342612000007648,28.98519581130602,43.27884253996888,1.0,0.0,10000
measured,276,27,3,linear_combination,10000,python_reference,,101,0.0,0.7694633999999496,0.7694633999999496,28.98519581130601,43.278842539968764,1.0,0.0,10000
measured,276,27,4,linear_combination,10000,dsl_full_w2,2,101,0.0033249000007344875,1.6879816999971808,1.699467200000072,28.98519581130602,43.27884253996888,1.0,0.0,10000
measured,277,22,1,discrete_mean,100000,dsl_full_w2,2,101,0.006407900000340305,1.9312477999992552,1.9417532000006759,17.023600000000002,61.23565539655396,1.0,0.0,100000
measured,277,22,2,discrete_mean,100000,dsl_full_w1,1,101,0.00334139999904437,1.693913099999918,1.701913400000194,17.023600000000002,61.23565539655396,1.0,0.0,100000
measured,277,22,3,discrete_mean,100000,numpy_native,,101,0.0,0.6568471999999019,0.6568471999999019,17.0134,61.13883182831828,1.0,0.0,100000
measured,277,22,4,discrete_mean,100000,python_reference,,101,0.0,1.0939721000031568,1.0939721000031568,17.013400000000193,61.13883182831891,1.0,0.0,100000
measured,278,21,1,normal_mean,1000000,numpy_native,,101,0.0,0.7347670999988622,0.7347670999988622,9.999605792812769,3.9957119793354225,1.0,0.0,1000000
measured,278,21,2,normal_mean,1000000,dsl_full_w1,1,101,0.00432590000127675,2.94818270000178,2.9566733999999997,10.00147606400736,4.01354213519083,1.0,0.0,1000000
measured,278,21,3,normal_mean,1000000,dsl_full_w2,2,101,0.003598999999667285,3.183825299998716,3.1918713999984902,10.00147606400736,4.01354213519083,1.0,0.0,1000000
measured,278,21,4,normal_mean,1000000,python_reference,,101,0.0,4.255659200000082,4.255659200000082,9.999605792813405,3.9957119793355207,1.0,0.0,1000000
measured,279,14,1,discrete_mean,1000000,numpy_native,,101,0.0,0.709537899998395,0.709537899998395,17.00618,61.01470282230283,1.0,0.0,1000000
measured,279,14,2,discrete_mean,1000000,python_reference,,101,0.0,4.24898210000174,4.24898210000174,17.006179999999734,61.01470282230615,1.0,0.0,1000000
measured,279,14,3,discrete_mean,1000000,dsl_full_w2,2,101,0.005995199997414602,2.811773000001267,2.8233036999990873,17.006380000000004,61.0053003009003,1.0,0.0,1000000
measured,279,14,4,discrete_mean,1000000,dsl_full_w1,1,101,0.004814800002350239,2.5825269000015396,2.591613500000676,17.006380000000004,61.0053003009003,1.0,0.0,1000000
measured,280,18,1,normal_mean,1000000,dsl_full_w1,1,101,0.0029697999998461455,2.9287476999998034,2.936425699997926,10.00147606400736,4.01354213519083,1.0,0.0,1000000
measured,280,18,2,normal_mean,1000000,python_reference,,101,0.0,4.6853162000006705,4.6853162000006705,9.999605792813405,3.9957119793355207,1.0,0.0,1000000
measured,280,18,3,normal_mean,1000000,numpy_native,,101,0.0,0.7188182999998389,0.7188182999998389,9.999605792812769,3.9957119793354225,1.0,0.0,1000000
measured,280,18,4,normal_mean,1000000,dsl_full_w2,2,101,0.004940800001349999,3.2325509000002057,3.241939600000478,10.00147606400736,4.01354213519083,1.0,0.0,1000000
measured,281,27,1,uniform_mean,100000,python_reference,,101,0.0,1.0925532000001112,1.0925532000001112,5.004186247001891,8.336732359424765,1.0,0.0,100000
measured,281,27,2,uniform_mean,100000,numpy_native,,101,0.0,0.6192300999973668,0.6192300999973668,5.004186247001897,8.336732359424687,1.0,0.0,100000
measured,281,27,3,uniform_mean,100000,dsl_full_w1,1,101,0.003025599999091355,1.7049761999987822,1.712487600001623,5.006012338679771,8.377145509510433,1.0,0.0,100000
measured,281,27,4,uniform_mean,100000,dsl_full_w2,2,101,0.0029521999967982993,1.948968100001366,1.9565044000009948,5.006012338679771,8.377145509510433,1.0,0.0,100000
measured,282,17,1,discrete_mean,10000,dsl_full_w1,1,101,0.004038200000650249,1.7168903999991016,1.7268503999985114,17.048,61.39183518351836,1.0,0.0,10000
measured,282,17,2,discrete_mean,10000,dsl_full_w2,2,101,0.0038084999978309497,1.707823400000052,1.7159711999993306,17.048,61.39183518351836,1.0,0.0,10000
measured,282,17,3,discrete_mean,10000,numpy_native,,101,0.0,0.6395321999989392,0.6395321999989392,17.048,61.39183518351836,1.0,0.0,10000
measured,282,17,4,discrete_mean,10000,python_reference,,101,0.0,0.7712393000001612,0.7712393000001612,17.048000000000055,61.391835183518545,1.0,0.0,10000
measured,283,17,1,discrete_mean,100000,python_reference,,101,0.0,1.0873205999996571,1.0873205999996571,17.013400000000193,61.13883182831891,1.0,0.0,100000
measured,283,17,2,discrete_mean,100000,numpy_native,,101,0.0,0.6116916999999376,0.6116916999999376,17.0134,61.13883182831828,1.0,0.0,100000
measured,283,17,3,discrete_mean,100000,dsl_full_w1,1,101,0.0038217000001168344,1.7149308000007295,1.7231967999978224,17.023600000000002,61.23565539655396,1.0,0.0,100000
measured,283,17,4,discrete_mean,100000,dsl_full_w2,2,101,0.004454099998838501,2.0160671999983606,2.0246803000009095,17.023600000000002,61.23565539655396,1.0,0.0,100000
measured,284,17,1,uniform_mean,10000,dsl_full_w1,1,101,0.0026811999996425584,1.7399394999993092,1.7494780999986688,5.009158303096408,8.442724596701995,1.0,0.0,10000
measured,284,17,2,uniform_mean,10000,numpy_native,,101,0.0,0.6475085000020044,0.6475085000020044,5.009158303096408,8.442724596701995,1.0,0.0,10000
measured,284,17,3,uniform_mean,10000,python_reference,,101,0.0,0.7013895999989472,0.7013895999989472,5.009158303096424,8.442724596701998,1.0,0.0,10000
measured,284,17,4,uniform_mean,10000,dsl_full_w2,2,101,0.0027220000010856893,1.7881061000007321,1.8019860999993398,5.009158303096408,8.442724596701995,1.0,0.0,10000
measured,285,3,1,normal_mean,100000,python_reference,,101,0.0,1.281563600001391,1.281563600001391,10.003732736712168,4.014955342619971,1.0,0.0,100000
measured,285,3,2,normal_mean,100000,dsl_full_w2,2,101,0.003370099999301601,2.0137615999992704,2.021426799998153,10.008957229893548,4.0138725928769645,1.0,0.0,100000
measured,285,3,3,normal_mean,100000,numpy_native,,101,0.0,0.6488661000003049,0.6488661000003049,10.00373273671223,4.014955342619993,1.0,0.0,100000
measured,285,3,4,normal_mean,100000,dsl_full_w1,1,101,0.003252899998187786,1.699153199999273,1.7108399999997346,10.008957229893548,4.0138725928769645,1.0,0.0,100000
measured,286,24,1,linear_combination,100000,numpy_native,,101,0.0,0.6420723000010184,0.6420723000010184,29.054709565439364,42.978853962159384,1.0,0.0,100000
measured,286,24,2,linear_combination,100000,dsl_full_w2,2,101,0.005443499998364132,1.9707484999998996,1.9809007000003476,29.011803708660572,43.25939696591443,1.0,0.0,100000
measured,286,24,3,linear_combination,100000,dsl_full_w1,1,101,0.003954899999371264,1.88612540000031,1.8948557999974582,29.011803708660572,43.25939696591443,1.0,0.0,100000
measured,286,24,4,linear_combination,100000,python_reference,,101,0.0,1.165890299998864,1.165890299998864,29.054709565439047,42.97885396215865,1.0,0.0,100000
measured,287,17,1,normal_mean,100000,numpy_native,,101,0.0,0.6291056999980356,0.6291056999980356,10.00373273671223,4.014955342619993,1.0,0.0,100000
measured,287,17,2,normal_mean,100000,dsl_full_w1,1,101,0.0030022000028111506,1.7126774999996996,1.7203944000029878,10.008957229893548,4.0138725928769645,1.0,0.0,100000
measured,287,17,3,normal_mean,100000,dsl_full_w2,2,101,0.003039899998839246,1.9307679000012286,1.9384372999993502,10.008957229893548,4.0138725928769645,1.0,0.0,100000
measured,287,17,4,normal_mean,100000,python_reference,,101,0.0,1.0860400999990816,1.0860400999990816,10.003732736712168,4.014955342619971,1.0,0.0,100000
measured,288,22,1,normal_mean,1000000,python_reference,,101,0.0,4.18539569999848,4.18539569999848,9.999605792813405,3.9957119793355207,1.0,0.0,1000000
measured,288,22,2,normal_mean,1000000,dsl_full_w2,2,101,0.002848600001016166,3.1323268999985885,3.1406150000002526,10.00147606400736,4.01354213519083,1.0,0.0,1000000
measured,288,22,3,normal_mean,1000000,numpy_native,,101,0.0,0.7416135999992548,0.7416135999992548,9.999605792812769,3.9957119793354225,1.0,0.0,1000000
measured,288,22,4,normal_mean,1000000,dsl_full_w1,1,101,0.0032774999999674037,2.910693399997399,2.9189677000031224,10.00147606400736,4.01354213519083,1.0,0.0,1000000
measured,289,17,1,linear_combination,1000000,dsl_full_w2,2,101,0.00340900000082911,3.217664700001478,3.225565699998697,29.007276012049047,43.032742732594755,1.0,0.0,1000000
measured,289,17,2,linear_combination,1000000,python_reference,,101,0.0,4.231746299999941,4.231746299999941,28.992951169665,42.944607065847144,1.0,0.0,1000000
measured,289,17,3,linear_combination,1000000,dsl_full_w1,1,101,0.003148300002067117,2.8996280999999726,2.9100456000014674,29.007276012049047,43.032742732594755,1.0,0.0,1000000
measured,289,17,4,linear_combination,1000000,numpy_native,,101,0.0,0.7737063999993552,0.7737063999993552,28.99295116966434,42.9446070658461,1.0,0.0,1000000
measured,290,2,1,normal_mean,1000000,python_reference,,101,0.0,4.228760099998908,4.228760099998908,9.999605792813405,3.9957119793355207,1.0,0.0,1000000
measured,290,2,2,normal_mean,1000000,numpy_native,,101,0.0,0.7140963000019838,0.7140963000019838,9.999605792812769,3.9957119793354225,1.0,0.0,1000000
measured,290,2,3,normal_mean,1000000,dsl_full_w2,2,101,0.004306499999074731,3.189485100003367,3.1984104000002844,10.00147606400736,4.01354213519083,1.0,0.0,1000000
measured,290,2,4,normal_mean,1000000,dsl_full_w1,1,101,0.005042000000685221,2.9402135999989696,2.949084899999434,10.00147606400736,4.01354213519083,1.0,0.0,1000000
measured,291,1,1,linear_combination,1000000,dsl_full_w1,1,101,0.003685100000438979,2.8870516999995743,2.8964083999999275,29.007276012049047,43.032742732594755,1.0,0.0,1000000
measured,291,1,2,linear_combination,1000000,python_reference,,101,0.0,4.195470799997565,4.195470799997565,28.992951169665,42.944607065847144,1.0,0.0,1000000
measured,291,1,3,linear_combination,1000000,dsl_full_w2,2,101,0.004214199998386903,3.450096000000485,3.4583798999992723,29.007276012049047,43.032742732594755,1.0,0.0,1000000
measured,291,1,4,linear_combination,1000000,numpy_native,,101,0.0,1.2371552000004158,1.2371552000004158,28.99295116966434,42.9446070658461,1.0,0.0,1000000
measured,292,30,1,normal_mean,10000,dsl_full_w1,1,101,0.0029060000015306287,1.67182959999991,1.6798154999996768,9.973087919767995,4.047907153268256,1.0,0.0,10000
measured,292,30,2,normal_mean,10000,python_reference,,101,0.0,0.8300380000000587,0.8300380000000587,9.973087919767988,4.047907153268245,1.0,0.0,10000
measured,292,30,3,normal_mean,10000,numpy_native,,101,0.0,0.6399824000000081,0.6399824000000081,9.973087919767995,4.047907153268256,1.0,0.0,10000
measured,292,30,4,normal_mean,10000,dsl_full_w2,2,101,0.0035969999989902135,1.6337587000016356,1.642750499999238,9.973087919767995,4.047907153268256,1.0,0.0,10000
measured,293,23,1,normal_mean,1000000,dsl_full_w1,1,101,0.0035000999996555038,2.926431900003081,2.934137699998246,10.00147606400736,4.01354213519083,1.0,0.0,1000000
measured,293,23,2,normal_mean,1000000,numpy_native,,101,0.0,0.7397841999991215,0.7397841999991215,9.999605792812769,3.9957119793354225,1.0,0.0,1000000
measured,293,23,3,normal_mean,1000000,dsl_full_w2,2,101,0.0031543000004603527,3.25281200000245,3.2629096999989997,10.00147606400736,4.01354213519083,1.0,0.0,1000000
measured,293,23,4,normal_mean,1000000,python_reference,,101,0.0,4.234551900000952,4.234551900000952,9.999605792813405,3.9957119793355207,1.0,0.0,1000000
measured,294,5,1,discrete_mean,1000000,python_reference,,101,0.0,4.220968199999334,4.220968199999334,17.006179999999734,61.01470282230615,1.0,0.0,1000000
measured,294,5,2,discrete_mean,1000000,dsl_full_w2,2,101,0.005524799998966046,2.8062561999977333,2.816015600001265,17.006380000000004,61.0053003009003,1.0,0.0,1000000
measured,294,5,3,discrete_mean,1000000,dsl_full_w1,1,101,0.003268299999035662,2.535788400000456,2.543540100003156,17.006380000000004,61.0053003009003,1.0,0.0,1000000
measured,294,5,4,discrete_mean,1000000,numpy_native,,101,0.0,0.7557593999990786,0.7557593999990786,17.00618,61.01470282230283,1.0,0.0,1000000
measured,295,15,1,normal_mean,1000000,numpy_native,,101,0.0,0.7403673000007984,0.7403673000007984,9.999605792812769,3.9957119793354225,1.0,0.0,1000000
measured,295,15,2,normal_mean,1000000,dsl_full_w2,2,101,0.003189899998687906,3.8328549999969255,3.8431726999988314,10.00147606400736,4.01354213519083,1.0,0.0,1000000
measured,295,15,3,normal_mean,1000000,dsl_full_w1,1,101,0.0027612999983830377,2.9384793999997783,2.9469539999990957,10.00147606400736,4.01354213519083,1.0,0.0,1000000
measured,295,15,4,normal_mean,1000000,python_reference,,101,0.0,4.274327099999937,4.274327099999937,9.999605792813405,3.9957119793355207,1.0,0.0,1000000
measured,296,2,1,uniform_mean,10000,numpy_native,,101,0.0,0.6083451000013156,0.6083451000013156,5.009158303096408,8.442724596701995,1.0,0.0,10000
measured,296,2,2,uniform_mean,10000,dsl_full_w1,1,101,0.006082100000639912,1.685113999999885,1.6959177999997337,5.009158303096408,8.442724596701995,1.0,0.0,10000
measured,296,2,3,uniform_mean,10000,python_reference,,101,0.0,0.7624842000004719,0.7624842000004719,5.009158303096424,8.442724596701998,1.0,0.0,10000
measured,296,2,4,uniform_mean,10000,dsl_full_w2,2,101,0.00312599999961094,1.675868199999968,1.683515400000033,5.009158303096408,8.442724596701995,1.0,0.0,10000
measured,297,29,1,linear_combination,100000,python_reference,,101,0.0,1.1066011000002618,1.1066011000002618,29.054709565439047,42.97885396215865,1.0,0.0,100000
measured,297,29,2,linear_combination,100000,numpy_native,,101,0.0,0.6279379999978119,0.6279379999978119,29.054709565439364,42.978853962159384,1.0,0.0,100000
measured,297,29,3,linear_combination,100000,dsl_full_w1,1,101,0.004984399998647859,1.7076535999985936,1.7175614000007045,29.011803708660572,43.25939696591443,1.0,0.0,100000
measured,297,29,4,linear_combination,100000,dsl_full_w2,2,101,0.0037100999979884364,2.1825114999992365,2.1903462999980547,29.011803708660572,43.25939696591443,1.0,0.0,100000
measured,298,11,1,linear_combination,100000,numpy_native,,101,0.0,0.647880599997734,0.647880599997734,29.054709565439364,42.978853962159384,1.0,0.0,100000
measured,298,11,2,linear_combination,100000,dsl_full_w2,2,101,0.006400999998732004,1.966129299999011,1.9766240999997535,29.011803708660572,43.25939696591443,1.0,0.0,100000
measured,298,11,3,linear_combination,100000,dsl_full_w1,1,101,0.0030934999995224643,1.6817778000004182,1.6923467999986315,29.011803708660572,43.25939696591443,1.0,0.0,100000
measured,298,11,4,linear_combination,100000,python_reference,,101,0.0,1.0635003999996115,1.0635003999996115,29.054709565439047,42.97885396215865,1.0,0.0,100000
measured,299,9,1,discrete_mean,1000000,numpy_native,,101,0.0,0.7387969000010344,0.7387969000010344,17.00618,61.01470282230283,1.0,0.0,1000000
measured,299,9,2,discrete_mean,1000000,python_reference,,101,0.0,4.300278000002436,4.300278000002436,17.006179999999734,61.01470282230615,1.0,0.0,1000000
measured,299,9,3,discrete_mean,1000000,dsl_full_w2,2,101,0.0030743999996047933,2.910429600000498,2.9198919999980717,17.006380000000004,61.0053003009003,1.0,0.0,1000000
measured,299,9,4,discrete_mean,1000000,dsl_full_w1,1,101,0.004090599999472033,2.560298699998384,2.5707230000007257,17.006380000000004,61.0053003009003,1.0,0.0,1000000
measured,300,17,1,normal_mean,10000,python_reference,,101,0.0,0.7701122000034957,0.7701122000034957,9.973087919767988,4.047907153268245,1.0,0.0,10000
measured,300,17,2,normal_mean,10000,numpy_native,,101,0.0,0.6439434999992955,0.6439434999992955,9.973087919767995,4.047907153268256,1.0,0.0,10000
measured,300,17,3,normal_mean,10000,dsl_full_w1,1,101,0.0030523000023094937,1.6873333000003186,1.6984929999998712,9.973087919767995,4.047907153268256,1.0,0.0,10000
measured,300,17,4,normal_mean,10000,dsl_full_w2,2,101,0.004048899998451816,1.652181000001292,1.6643392000005406,9.973087919767995,4.047907153268256,1.0,0.0,10000
measured,301,5,1,linear_combination,10000,numpy_native,,101,0.0,0.6423290999991877,0.6423290999991877,28.98519581130602,43.27884253996888,1.0,0.0,10000
measured,301,5,2,linear_combination,10000,dsl_full_w2,2,101,0.003979999997682171,1.7158020999995642,1.7242848999994749,28.98519581130602,43.27884253996888,1.0,0.0,10000
measured,301,5,3,linear_combination,10000,python_reference,,101,0.0,0.7743879000008747,0.7743879000008747,28.98519581130601,43.278842539968764,1.0,0.0,10000
measured,301,5,4,linear_combination,10000,dsl_full_w1,1,101,0.0039150000011431985,1.6658041999980924,1.67388480000227,28.98519581130602,43.27884253996888,1.0,0.0,10000
measured,302,26,1,normal_mean,1000000,numpy_native,,101,0.0,0.7531698999991931,0.7531698999991931,9.999605792812769,3.9957119793354225,1.0,0.0,1000000
measured,302,26,2,normal_mean,1000000,dsl_full_w1,1,101,0.0030994999979157,2.928255700000591,2.9364085999986855,10.00147606400736,4.01354213519083,1.0,0.0,1000000
measured,302,26,3,normal_mean,1000000,dsl_full_w2,2,101,0.0035076999993179925,3.133991900002002,3.142012700001942,10.00147606400736,4.01354213519083,1.0,0.0,1000000
measured,302,26,4,normal_mean,1000000,python_reference,,101,0.0,4.169500300002255,4.169500300002255,9.999605792813405,3.9957119793355207,1.0,0.0,1000000
measured,303,2,1,discrete_mean,10000,python_reference,,101,0.0,0.7483123000019987,0.7483123000019987,17.048000000000055,61.391835183518545,1.0,0.0,10000
measured,303,2,2,discrete_mean,10000,numpy_native,,101,0.0,0.6390876000004937,0.6390876000004937,17.048,61.39183518351836,1.0,0.0,10000
measured,303,2,3,discrete_mean,10000,dsl_full_w2,2,101,0.0032734999986132607,1.6749776000033307,1.6825505000015255,17.048,61.39183518351836,1.0,0.0,10000
measured,303,2,4,discrete_mean,10000,dsl_full_w1,1,101,0.0041662000003270805,1.6709666999995534,1.6795832000025257,17.048,61.39183518351836,1.0,0.0,10000
measured,304,16,1,discrete_mean,1000000,numpy_native,,101,0.0,0.7669158999997308,0.7669158999997308,17.00618,61.01470282230283,1.0,0.0,1000000
measured,304,16,2,discrete_mean,1000000,python_reference,,101,0.0,4.213580299998284,4.213580299998284,17.006179999999734,61.01470282230615,1.0,0.0,1000000
measured,304,16,3,discrete_mean,1000000,dsl_full_w1,1,101,0.0030896000025677495,2.5514149999980873,2.559395600001153,17.006380000000004,61.0053003009003,1.0,0.0,1000000
measured,304,16,4,discrete_mean,1000000,dsl_full_w2,2,101,0.003755300000193529,2.810085799999797,2.818322300001455,17.006380000000004,61.0053003009003,1.0,0.0,1000000
measured,305,1,1,uniform_mean,100000,dsl_full_w1,1,101,0.002968400000099791,1.731580199997552,1.7397121999965748,5.006012338679771,8.377145509510433,1.0,0.0,100000
measured,305,1,2,uniform_mean,100000,python_reference,,101,0.0,1.0752914999975474,1.0752914999975474,5.004186247001891,8.336732359424765,1.0,0.0,100000
measured,305,1,3,uniform_mean,100000,dsl_full_w2,2,101,0.002672299997357186,1.9023658000005526,1.9130086000004667,5.006012338679771,8.377145509510433,1.0,0.0,100000
measured,305,1,4,uniform_mean,100000,numpy_native,,101,0.0,0.6694462999985262,0.6694462999985262,5.004186247001897,8.336732359424687,1.0,0.0,100000
measured,306,6,1,uniform_mean,10000,dsl_full_w2,2,101,0.005889799998840317,1.6657074999966426,1.6761587000000873,5.009158303096408,8.442724596701995,1.0,0.0,10000
measured,306,6,2,uniform_mean,10000,numpy_native,,101,0.0,0.6337725999983377,0.6337725999983377,5.009158303096408,8.442724596701995,1.0,0.0,10000
measured,306,6,3,uniform_mean,10000,python_reference,,101,0.0,0.7855312000028789,0.7855312000028789,5.009158303096424,8.442724596701998,1.0,0.0,10000
measured,306,6,4,uniform_mean,10000,dsl_full_w1,1,101,0.0033030999984475784,1.6100922000005085,1.6198985000009998,5.009158303096408,8.442724596701995,1.0,0.0,10000
measured,307,5,1,normal_mean,100000,python_reference,,101,0.0,1.0875830999975733,1.0875830999975733,10.003732736712168,4.014955342619971,1.0,0.0,100000
measured,307,5,2,normal_mean,100000,dsl_full_w2,2,101,0.0025353000019094907,1.8879580000029819,1.8948363999988942,10.008957229893548,4.0138725928769645,1.0,0.0,100000
measured,307,5,3,normal_mean,100000,dsl_full_w1,1,101,0.0032802999994601123,1.7194015999994008,1.7270119999993767,10.008957229893548,4.0138725928769645,1.0,0.0,100000
measured,307,5,4,normal_mean,100000,numpy_native,,101,0.0,0.6595295000006445,0.6595295000006445,10.00373273671223,4.014955342619993,1.0,0.0,100000
measured,308,27,1,normal_mean,10000,dsl_full_w2,2,101,0.003195199999026954,1.6564866000007896,1.66452130000107,9.973087919767995,4.047907153268256,1.0,0.0,10000
measured,308,27,2,normal_mean,10000,python_reference,,101,0.0,0.7922469000004639,0.7922469000004639,9.973087919767988,4.047907153268245,1.0,0.0,10000
measured,308,27,3,normal_mean,10000,dsl_full_w1,1,101,0.00579949999882956,1.7608111000008648,1.7716049000009662,9.973087919767995,4.047907153268256,1.0,0.0,10000
measured,308,27,4,normal_mean,10000,numpy_native,,101,0.0,1.0370492000001832,1.0370492000001832,9.973087919767995,4.047907153268256,1.0,0.0,10000
measured,309,10,1,uniform_mean,10000,dsl_full_w2,2,101,0.003850699999020435,1.6601601999973354,1.6701491999992868,5.009158303096408,8.442724596701995,1.0,0.0,10000
measured,309,10,2,uniform_mean,10000,numpy_native,,101,0.0,0.6320551000026171,0.6320551000026171,5.009158303096408,8.442724596701995,1.0,0.0,10000
measured,309,10,3,uniform_mean,10000,python_reference,,101,0.0,0.7858191999985138,0.7858191999985138,5.009158303096424,8.442724596701998,1.0,0.0,10000
measured,309,10,4,uniform_mean,10000,dsl_full_w1,1,101,0.0025291000019933563,1.6288501999988512,1.6364460999975563,5.009158303096408,8.442724596701995,1.0,0.0,10000
measured,310,10,1,uniform_mean,1000000,dsl_full_w1,1,101,0.003719300002558157,2.946671100002277,2.9547225999995135,5.002041273919748,8.328978121381377,1.0,0.0,1000000
measured,310,10,2,uniform_mean,1000000,python_reference,,101,0.0,4.204462100002274,4.204462100002274,5.002276326646218,8.333521927837188,1.0,0.0,1000000
measured,310,10,3,uniform_mean,1000000,dsl_full_w2,2,101,0.0035539999989850912,3.163080499998614,3.170997899997019,5.002041273919748,8.328978121381377,1.0,0.0,1000000
measured,310,10,4,uniform_mean,1000000,numpy_native,,101,0.0,0.7281089999996766,0.7281089999996766,5.0022763266460135,8.333521927837207,1.0,0.0,1000000
measured,311,3,1,discrete_mean,10000,numpy_native,,101,0.0,0.6433372999999847,0.6433372999999847,17.048,61.39183518351836,1.0,0.0,10000
measured,311,3,2,discrete_mean,10000,dsl_full_w1,1,101,0.0037770000017189886,1.6586649999990186,1.6694707999995444,17.048,61.39183518351836,1.0,0.0,10000
measured,311,3,3,discrete_mean,10000,dsl_full_w2,2,101,0.005558400000154506,1.6164938000001712,1.6264172999981383,17.048,61.39183518351836,1.0,0.0,10000
measured,311,3,4,discrete_mean,10000,python_reference,,101,0.0,0.7847937999977148,0.7847937999977148,17.048000000000055,61.391835183518545,1.0,0.0,10000
measured,312,3,1,uniform_mean,100000,dsl_full_w2,2,101,0.006122200000390876,2.0645560000011756,2.0751068999998097,5.006012338679771,8.377145509510433,1.0,0.0,100000
measured,312,3,2,uniform_mean,100000,dsl_full_w1,1,101,0.002952999999251915,1.7319066999989445,1.7399415999971097,5.006012338679771,8.377145509510433,1.0,0.0,100000
measured,312,3,3,uniform_mean,100000,python_reference,,101,0.0,1.0851287999976194,1.0851287999976194,5.004186247001891,8.336732359424765,1.0,0.0,100000
measured,312,3,4,uniform_mean,100000,numpy_native,,101,0.0,0.6192766999993182,0.6192766999993182,5.004186247001897,8.336732359424687,1.0,0.0,100000
measured,313,12,1,linear_combination,1000000,python_reference,,101,0.0,4.333404499997414,4.333404499997414,28.992951169665,42.944607065847144,1.0,0.0,1000000
measured,313,12,2,linear_combination,1000000,dsl_full_w1,1,101,0.0031467999979213346,2.9245515000002342,2.936812899999495,29.007276012049047,43.032742732594755,1.0,0.0,1000000
measured,313,12,3,linear_combination,1000000,numpy_native,,101,0.0,0.769726599999558,0.769726599999558,28.99295116966434,42.9446070658461,1.0,0.0,1000000
measured,313,12,4,linear_combination,1000000,dsl_full_w2,2,101,0.003604800000175601,3.1768520000005083,3.185118400000647,29.007276012049047,43.032742732594755,1.0,0.0,1000000
measured,314,30,1,normal_mean,100000,dsl_full_w2,2,101,0.005479399998876033,1.935790999999881,1.9454434999970545,10.008957229893548,4.0138725928769645,1.0,0.0,100000
measured,314,30,2,normal_mean,100000,numpy_native,,101,0.0,0.6569342000002507,0.6569342000002507,10.00373273671223,4.014955342619993,1.0,0.0,100000
measured,314,30,3,normal_mean,100000,dsl_full_w1,1,101,0.003150900000036927,1.7145946999989974,1.7224171000016213,10.008957229893548,4.0138725928769645,1.0,0.0,100000
measured,314,30,4,normal_mean,100000,python_reference,,101,0.0,1.1047192999976687,1.1047192999976687,10.003732736712168,4.014955342619971,1.0,0.0,100000
measured,315,9,1,normal_mean,100000,numpy_native,,101,0.0,0.5995380000022124,0.5995380000022124,10.00373273671223,4.014955342619993,1.0,0.0,100000
measured,315,9,2,normal_mean,100000,dsl_full_w1,1,101,0.0030544000001100358,1.7332557999980054,1.7412005000005593,10.008957229893548,4.0138725928769645,1.0,0.0,100000
measured,315,9,3,normal_mean,100000,dsl_full_w2,2,101,0.003196999998181127,1.9543352000000596,1.9622751000024437,10.008957229893548,4.0138725928769645,1.0,0.0,100000
measured,315,9,4,normal_mean,100000,python_reference,,101,0.0,1.0846973999978218,1.0846973999978218,10.003732736712168,4.014955342619971,1.0,0.0,100000
measured,316,1,1,discrete_mean,1000000,numpy_native,,101,0.0,0.7172348999993119,0.7172348999993119,17.00618,61.01470282230283,1.0,0.0,1000000
measured,316,1,2,discrete_mean,1000000,python_reference,,101,0.0,4.178951199999574,4.178951199999574,17.006179999999734,61.01470282230615,1.0,0.0,1000000
measured,316,1,3,discrete_mean,1000000,dsl_full_w1,1,101,0.002869199997803662,2.5450562000005448,2.5526971999970556,17.006380000000004,61.0053003009003,1.0,0.0,1000000
measured,316,1,4,discrete_mean,1000000,dsl_full_w2,2,101,0.003456200000073295,2.8296437000026344,2.8372965999988082,17.006380000000004,61.0053003009003,1.0,0.0,1000000
measured,317,11,1,linear_combination,1000000,dsl_full_w2,2,101,0.003656499997305218,3.195844000001671,3.2038666999978886,29.007276012049047,43.032742732594755,1.0,0.0,1000000
measured,317,11,2,linear_combination,1000000,dsl_full_w1,1,101,0.00410330000158865,2.911963900001865,2.9204099000016868,29.007276012049047,43.032742732594755,1.0,0.0,1000000
measured,317,11,3,linear_combination,1000000,numpy_native,,101,0.0,0.7819971000026271,0.7819971000026271,28.99295116966434,42.9446070658461,1.0,0.0,1000000
measured,317,11,4,linear_combination,1000000,python_reference,,101,0.0,4.256880900000397,4.256880900000397,28.992951169665,42.944607065847144,1.0,0.0,1000000
measured,318,22,1,uniform_mean,10000,dsl_full_w1,1,101,0.0027563000003283378,1.6353506000014022,1.6450000000004366,5.009158303096408,8.442724596701995,1.0,0.0,10000
measured,318,22,2,uniform_mean,10000,dsl_full_w2,2,101,0.003164400000969181,1.6778649000007135,1.6879331000018283,5.009158303096408,8.442724596701995,1.0,0.0,10000
measured,318,22,3,uniform_mean,10000,python_reference,,101,0.0,0.772406600000977,0.772406600000977,5.009158303096424,8.442724596701998,1.0,0.0,10000
measured,318,22,4,uniform_mean,10000,numpy_native,,101,0.0,0.632965000000695,0.632965000000695,5.009158303096408,8.442724596701995,1.0,0.0,10000
measured,319,29,1,normal_mean,100000,dsl_full_w1,1,101,0.003044099998078309,1.6683516000011878,1.6765519000000495,10.008957229893548,4.0138725928769645,1.0,0.0,100000
measured,319,29,2,normal_mean,100000,numpy_native,,101,0.0,0.6647216999990633,0.6647216999990633,10.00373273671223,4.014955342619993,1.0,0.0,100000
measured,319,29,3,normal_mean,100000,dsl_full_w2,2,101,0.0030179999994288664,1.869625499999529,1.8772821000020485,10.008957229893548,4.0138725928769645,1.0,0.0,100000
measured,319,29,4,normal_mean,100000,python_reference,,101,0.0,1.075887300001341,1.075887300001341,10.003732736712168,4.014955342619971,1.0,0.0,100000
measured,320,19,1,uniform_mean,10000,numpy_native,,101,0.0,0.5941213000005519,0.5941213000005519,5.009158303096408,8.442724596701995,1.0,0.0,10000
measured,320,19,2,uniform_mean,10000,dsl_full_w1,1,101,0.0031258999988494907,1.6774211000010837,1.6850935999973444,5.009158303096408,8.442724596701995,1.0,0.0,10000
measured,320,19,3,uniform_mean,10000,python_reference,,101,0.0,0.7678164999997534,0.7678164999997534,5.009158303096424,8.442724596701998,1.0,0.0,10000
measured,320,19,4,uniform_mean,10000,dsl_full_w2,2,101,0.00614549999954761,1.655297299999802,1.6655869999995048,5.009158303096408,8.442724596701995,1.0,0.0,10000
measured,321,28,1,uniform_mean,1000000,dsl_full_w1,1,101,0.0056741999978839885,2.956746200001362,2.9674153000014485,5.002041273919748,8.328978121381377,1.0,0.0,1000000
measured,321,28,2,uniform_mean,1000000,numpy_native,,101,0.0,0.7272835999974632,0.7272835999974632,5.0022763266460135,8.333521927837207,1.0,0.0,1000000
measured,321,28,3,uniform_mean,1000000,python_reference,,101,0.0,4.244530100000702,4.244530100000702,5.002276326646218,8.333521927837188,1.0,0.0,1000000
measured,321,28,4,uniform_mean,1000000,dsl_full_w2,2,101,0.0028265999972063582,3.200311300002795,3.208280700000614,5.002041273919748,8.328978121381377,1.0,0.0,1000000
measured,322,26,1,uniform_mean,1000000,dsl_full_w1,1,101,0.003362400002515642,2.9300014000000374,2.938067499999306,5.002041273919748,8.328978121381377,1.0,0.0,1000000
measured,322,26,2,uniform_mean,1000000,numpy_native,,101,0.0,0.7339695999980904,0.7339695999980904,5.0022763266460135,8.333521927837207,1.0,0.0,1000000
measured,322,26,3,uniform_mean,1000000,dsl_full_w2,2,101,0.003044099998078309,3.214224999999715,3.2238911999993434,5.002041273919748,8.328978121381377,1.0,0.0,1000000
measured,322,26,4,uniform_mean,1000000,python_reference,,101,0.0,4.238766999998916,4.238766999998916,5.002276326646218,8.333521927837188,1.0,0.0,1000000
measured,323,24,1,discrete_mean,1000000,dsl_full_w2,2,101,0.0029107000009389594,2.824971899997763,2.8327320000025793,17.006380000000004,61.0053003009003,1.0,0.0,1000000
measured,323,24,2,discrete_mean,1000000,python_reference,,101,0.0,4.201427399999375,4.201427399999375,17.006179999999734,61.01470282230615,1.0,0.0,1000000
measured,323,24,3,discrete_mean,1000000,dsl_full_w1,1,101,0.003154599999106722,2.43618989999959,2.444595400000253,17.006380000000004,61.0053003009003,1.0,0.0,1000000
measured,323,24,4,discrete_mean,1000000,numpy_native,,101,0.0,0.7840728999981366,0.7840728999981366,17.00618,61.01470282230283,1.0,0.0,1000000
measured,324,29,1,linear_combination,1000000,dsl_full_w2,2,101,0.006785700003092643,3.196131200002128,3.2070490999976755,29.007276012049047,43.032742732594755,1.0,0.0,1000000
measured,324,29,2,linear_combination,1000000,numpy_native,,101,0.0,0.7734329000013531,0.7734329000013531,28.99295116966434,42.9446070658461,1.0,0.0,1000000
measured,324,29,3,linear_combination,1000000,python_reference,,101,0.0,4.217515900003491,4.217515900003491,28.992951169665,42.944607065847144,1.0,0.0,1000000
measured,324,29,4,linear_combination,1000000,dsl_full_w1,1,101,0.0030303999992611352,2.8804032999978517,2.889915600000677,29.007276012049047,43.032742732594755,1.0,0.0,1000000
measured,325,3,1,linear_combination,1000000,dsl_full_w1,1,101,0.005357099998946069,2.8970403999992413,2.906391499996971,29.007276012049047,43.032742732594755,1.0,0.0,1000000
measured,325,3,2,linear_combination,1000000,dsl_full_w2,2,101,0.0033791999994718935,3.159480500002246,3.1675137000020186,29.007276012049047,43.032742732594755,1.0,0.0,1000000
measured,325,3,3,linear_combination,1000000,numpy_native,,101,0.0,0.7811518000016804,0.7811518000016804,28.99295116966434,42.9446070658461,1.0,0.0,1000000
measured,325,3,4,linear_combination,1000000,python_reference,,101,0.0,4.2034949000008055,4.2034949000008055,28.992951169665,42.944607065847144,1.0,0.0,1000000
measured,326,23,1,discrete_mean,1000000,numpy_native,,101,0.0,0.730815300001268,0.730815300001268,17.00618,61.01470282230283,1.0,0.0,1000000
measured,326,23,2,discrete_mean,1000000,dsl_full_w1,1,101,0.0038869000018166844,2.5722750999993877,2.580741300000227,17.006380000000004,61.0053003009003,1.0,0.0,1000000
measured,326,23,3,discrete_mean,1000000,python_reference,,101,0.0,4.2165910999974585,4.2165910999974585,17.006179999999734,61.01470282230615,1.0,0.0,1000000
measured,326,23,4,discrete_mean,1000000,dsl_full_w2,2,101,0.0028716999986500014,2.8178480999995372,2.825449899999512,17.006380000000004,61.0053003009003,1.0,0.0,1000000
measured,327,5,1,linear_combination,1000000,dsl_full_w1,1,101,0.0035229000022809487,2.8893818000033207,2.8977698999988206,29.007276012049047,43.032742732594755,1.0,0.0,1000000
measured,327,5,2,linear_combination,1000000,python_reference,,101,0.0,4.204936699999962,4.204936699999962,28.992951169665,42.944607065847144,1.0,0.0,1000000
measured,327,5,3,linear_combination,1000000,numpy_native,,101,0.0,0.7519925000015064,0.7519925000015064,28.99295116966434,42.9446070658461,1.0,0.0,1000000
measured,327,5,4,linear_combination,1000000,dsl_full_w2,2,101,0.006264999999984866,3.096212500000547,3.1067748999994365,29.007276012049047,43.032742732594755,1.0,0.0,1000000
measured,328,15,1,discrete_mean,1000000,numpy_native,,101,0.0,0.7618758999997226,0.7618758999997226,17.00618,61.01470282230283,1.0,0.0,1000000
measured,328,15,2,discrete_mean,1000000,dsl_full_w1,1,101,0.003342800002428703,2.5848958999995375,2.595108800000162,17.006380000000004,61.0053003009003,1.0,0.0,1000000
measured,328,15,3,discrete_mean,1000000,python_reference,,101,0.0,4.261331900001096,4.261331900001096,17.006179999999734,61.01470282230615,1.0,0.0,1000000
measured,328,15,4,discrete_mean,1000000,dsl_full_w2,2,101,0.006289100001595216,2.835603399998945,2.8458788999996614,17.006380000000004,61.0053003009003,1.0,0.0,1000000
measured,329,24,1,normal_mean,100000,numpy_native,,101,0.0,0.6528534999997646,0.6528534999997646,10.00373273671223,4.014955342619993,1.0,0.0,100000
measured,329,24,2,normal_mean,100000,python_reference,,101,0.0,1.093165999998746,1.093165999998746,10.003732736712168,4.014955342619971,1.0,0.0,100000
measured,329,24,3,normal_mean,100000,dsl_full_w2,2,101,0.0027678999977069907,1.9094715999999607,1.9179903000003833,10.008957229893548,4.0138725928769645,1.0,0.0,100000
measured,329,24,4,normal_mean,100000,dsl_full_w1,1,101,0.0038606999987678137,1.6949891000003845,1.7062750000004598,10.008957229893548,4.0138725928769645,1.0,0.0,100000
measured,330,18,1,linear_combination,1000000,dsl_full_w2,2,101,0.00478599999769358,3.213973800000531,3.2230998999984877,29.007276012049047,43.032742732594755,1.0,0.0,1000000
measured,330,18,2,linear_combination,1000000,numpy_native,,101,0.0,0.7871760000016366,0.7871760000016366,28.99295116966434,42.9446070658461,1.0,0.0,1000000
measured,330,18,3,linear_combination,1000000,python_reference,,101,0.0,4.299949600001128,4.299949600001128,28.992951169665,42.944607065847144,1.0,0.0,1000000
measured,330,18,4,linear_combination,1000000,dsl_full_w1,1,101,0.0055844000016804785,2.9008911999990232,2.9105149999995774,29.007276012049047,43.032742732594755,1.0,0.0,1000000
measured,331,2,1,normal_mean,10000,numpy_native,,101,0.0,0.6325827000000572,0.6325827000000572,9.973087919767995,4.047907153268256,1.0,0.0,10000
measured,331,2,2,normal_mean,10000,dsl_full_w1,1,101,0.0031911000005493406,1.6606462999989162,1.6684496000016225,9.973087919767995,4.047907153268256,1.0,0.0,10000
measured,331,2,3,normal_mean,10000,python_reference,,101,0.0,0.772077800000261,0.772077800000261,9.973087919767988,4.047907153268245,1.0,0.0,10000
measured,331,2,4,normal_mean,10000,dsl_full_w2,2,101,0.005996300002152566,1.668230899998889,1.67824119999932,9.973087919767995,4.047907153268256,1.0,0.0,10000
measured,332,24,1,normal_mean,1000000,numpy_native,,101,0.0,0.7442212999994808,0.7442212999994808,9.999605792812769,3.9957119793354225,1.0,0.0,1000000
measured,332,24,2,normal_mean,1000000,dsl_full_w2,2,101,0.0031576000001223292,3.9437047999999777,3.95147039999938,10.00147606400736,4.01354213519083,1.0,0.0,1000000
measured,332,24,3,normal_mean,1000000,dsl_full_w1,1,101,0.0031646000024920795,2.889230900000257,2.8967857000025106,10.00147606400736,4.01354213519083,1.0,0.0,1000000
measured,332,24,4,normal_mean,1000000,python_reference,,101,0.0,4.232477999998082,4.232477999998082,9.999605792813405,3.9957119793355207,1.0,0.0,1000000
measured,333,7,1,uniform_mean,10000,dsl_full_w2,2,101,0.005476000002090586,1.6406317000000854,1.6508543999989342,5.009158303096408,8.442724596701995,1.0,0.0,10000
measured,333,7,2,uniform_mean,10000,numpy_native,,101,0.0,0.6422572000010405,0.6422572000010405,5.009158303096408,8.442724596701995,1.0,0.0,10000
measured,333,7,3,uniform_mean,10000,python_reference,,101,0.0,0.7731081999991147,0.7731081999991147,5.009158303096424,8.442724596701998,1.0,0.0,10000
measured,333,7,4,uniform_mean,10000,dsl_full_w1,1,101,0.0026886999985435978,1.649293000002217,1.65670549999777,5.009158303096408,8.442724596701995,1.0,0.0,10000
measured,334,12,1,discrete_mean,100000,dsl_full_w2,2,101,0.006154300001071533,2.414129100001446,2.424228800002311,17.023600000000002,61.23565539655396,1.0,0.0,100000
measured,334,12,2,discrete_mean,100000,dsl_full_w1,1,101,0.003147999999782769,1.7559565999981714,1.764040500002011,17.023600000000002,61.23565539655396,1.0,0.0,100000
measured,334,12,3,discrete_mean,100000,numpy_native,,101,0.0,0.6565181000005396,0.6565181000005396,17.0134,61.13883182831828,1.0,0.0,100000
measured,334,12,4,discrete_mean,100000,python_reference,,101,0.0,1.0908185999978741,1.0908185999978741,17.013400000000193,61.13883182831891,1.0,0.0,100000
measured,335,27,1,uniform_mean,1000000,python_reference,,101,0.0,4.1621187000018836,4.1621187000018836,5.002276326646218,8.333521927837188,1.0,0.0,1000000
measured,335,27,2,uniform_mean,1000000,dsl_full_w2,2,101,0.0026834000018425286,3.195484200001374,3.2039194999997562,5.002041273919748,8.328978121381377,1.0,0.0,1000000
measured,335,27,3,uniform_mean,1000000,dsl_full_w1,1,101,0.003259600001911167,2.9318152999985614,2.9391150000010384,5.002041273919748,8.328978121381377,1.0,0.0,1000000
measured,335,27,4,uniform_mean,1000000,numpy_native,,101,0.0,0.6952115999993111,0.6952115999993111,5.0022763266460135,8.333521927837207,1.0,0.0,1000000
measured,336,26,1,normal_mean,10000,dsl_full_w2,2,101,0.0026843999985430855,1.653872599999886,1.6616767000014079,9.973087919767995,4.047907153268256,1.0,0.0,10000
measured,336,26,2,normal_mean,10000,python_reference,,101,0.0,0.7919761000011931,0.7919761000011931,9.973087919767988,4.047907153268245,1.0,0.0,10000
measured,336,26,3,normal_mean,10000,dsl_full_w1,1,101,0.005591999997704988,1.690362199999072,1.700106100000994,9.973087919767995,4.047907153268256,1.0,0.0,10000
measured,336,26,4,normal_mean,10000,numpy_native,,101,0.0,0.6419128999987151,0.6419128999987151,9.973087919767995,4.047907153268256,1.0,0.0,10000
measured,337,26,1,linear_combination,10000,dsl_full_w2,2,101,0.0033863999997265637,1.6744246999987809,1.6844328000006499,28.98519581130602,43.27884253996888,1.0,0.0,10000
measured,337,26,2,linear_combination,10000,numpy_native,,101,0.0,0.6299574000004213,0.6299574000004213,28.98519581130602,43.27884253996888,1.0,0.0,10000
measured,337,26,3,linear_combination,10000,python_reference,,101,0.0,0.7830538000016531,0.7830538000016531,28.98519581130601,43.278842539968764,1.0,0.0,10000
measured,337,26,4,linear_combination,10000,dsl_full_w1,1,101,0.006212699998286553,1.6641535999988264,1.6745188000022608,28.98519581130602,43.27884253996888,1.0,0.0,10000
measured,338,11,1,uniform_mean,100000,numpy_native,,101,0.0,0.6398302999987209,0.6398302999987209,5.004186247001897,8.336732359424687,1.0,0.0,100000
measured,338,11,2,uniform_mean,100000,dsl_full_w1,1,101,0.005815600001369603,1.7218331000003673,1.73165599999993,5.006012338679771,8.377145509510433,1.0,0.0,100000
measured,338,11,3,uniform_mean,100000,python_reference,,101,0.0,1.0706571000009717,1.0706571000009717,5.004186247001891,8.336732359424765,1.0,0.0,100000
measured,338,11,4,uniform_mean,100000,dsl_full_w2,2,101,0.0026792999997269362,1.9022234000003664,1.9099769000022206,5.006012338679771,8.377145509510433,1.0,0.0,100000
measured,339,4,1,uniform_mean,10000,dsl_full_w2,2,101,0.0032566999980190303,1.7219891999993706,1.7292376000004879,5.009158303096408,8.442724596701995,1.0,0.0,10000
measured,339,4,2,uniform_mean,10000,numpy_native,,101,0.0,0.6331223000015598,0.6331223000015598,5.009158303096408,8.442724596701995,1.0,0.0,10000
measured,339,4,3,uniform_mean,10000,python_reference,,101,0.0,0.7707458000004408,0.7707458000004408,5.009158303096424,8.442724596701998,1.0,0.0,10000
measured,339,4,4,uniform_mean,10000,dsl_full_w1,1,101,0.00370660000044154,1.6749760000020615,1.6832724000014423,5.009158303096408,8.442724596701995,1.0,0.0,10000
measured,340,26,1,linear_combination,100000,numpy_native,,101,0.0,0.6544816999994509,0.6544816999994509,29.054709565439364,42.978853962159384,1.0,0.0,100000
measured,340,26,2,linear_combination,100000,dsl_full_w1,1,101,0.006251399998291163,1.7051838999977917,1.7154969000002893,29.011803708660572,43.25939696591443,1.0,0.0,100000
measured,340,26,3,linear_combination,100000,dsl_full_w2,2,101,0.003912600001058308,1.9449409000008018,1.952856799998699,29.011803708660572,43.25939696591443,1.0,0.0,100000
measured,340,26,4,linear_combination,100000,python_reference,,101,0.0,1.0884637000017392,1.0884637000017392,29.054709565439047,42.97885396215865,1.0,0.0,100000
measured,341,1,1,linear_combination,10000,dsl_full_w1,1,101,0.0052353999999468215,1.6595884000016667,1.6693412999993598,28.98519581130602,43.27884253996888,1.0,0.0,10000
measured,341,1,2,linear_combination,10000,dsl_full_w2,2,101,0.004116399999475107,1.6812896000010369,1.6896535999985645,28.98519581130602,43.27884253996888,1.0,0.0,10000
measured,341,1,3,linear_combination,10000,numpy_native,,101,0.0,0.6313703000014357,0.6313703000014357,28.98519581130602,43.27884253996888,1.0,0.0,10000
measured,341,1,4,linear_combination,10000,python_reference,,101,0.0,0.7731211999998777,0.7731211999998777,28.98519581130601,43.278842539968764,1.0,0.0,10000
measured,342,10,1,discrete_mean,100000,python_reference,,101,0.0,1.0960501000008662,1.0960501000008662,17.013400000000193,61.13883182831891,1.0,0.0,100000
measured,342,10,2,discrete_mean,100000,dsl_full_w1,1,101,0.004937100002280204,1.682973499999207,1.692330399997445,17.023600000000002,61.23565539655396,1.0,0.0,100000
measured,342,10,3,discrete_mean,100000,dsl_full_w2,2,101,0.003918300000805175,1.9524755999991612,1.9609474999997474,17.023600000000002,61.23565539655396,1.0,0.0,100000
measured,342,10,4,discrete_mean,100000,numpy_native,,101,0.0,0.6485112000009394,0.6485112000009394,17.0134,61.13883182831828,1.0,0.0,100000
measured,343,20,1,normal_mean,10000,numpy_native,,101,0.0,0.6408272000007855,0.6408272000007855,9.973087919767995,4.047907153268256,1.0,0.0,10000
measured,343,20,2,normal_mean,10000,dsl_full_w2,2,101,0.005761100001109298,1.6892049999987648,1.6991753000002063,9.973087919767995,4.047907153268256,1.0,0.0,10000
measured,343,20,3,normal_mean,10000,dsl_full_w1,1,101,0.006154699996841373,1.6808864000013273,1.6910740999992413,9.973087919767995,4.047907153268256,1.0,0.0,10000
measured,343,20,4,normal_mean,10000,python_reference,,101,0.0,0.7735175999987405,0.7735175999987405,9.973087919767988,4.047907153268245,1.0,0.0,10000
measured,344,8,1,uniform_mean,10000,numpy_native,,101,0.0,0.639441600000282,0.639441600000282,5.009158303096408,8.442724596701995,1.0,0.0,10000
measured,344,8,2,uniform_mean,10000,dsl_full_w2,2,101,0.003020800002559554,1.6759497000020929,1.6837505000003148,5.009158303096408,8.442724596701995,1.0,0.0,10000
measured,344,8,3,uniform_mean,10000,python_reference,,101,0.0,0.7747713000026124,0.7747713000026124,5.009158303096424,8.442724596701998,1.0,0.0,10000
measured,344,8,4,uniform_mean,10000,dsl_full_w1,1,101,0.002995099999679951,1.6860080000005837,1.6938312000020233,5.009158303096408,8.442724596701995,1.0,0.0,10000
measured,345,2,1,linear_combination,10000,dsl_full_w2,2,101,0.004211399998894194,1.6322995000009541,1.6405854000004183,28.98519581130602,43.27884253996888,1.0,0.0,10000
measured,345,2,2,linear_combination,10000,dsl_full_w1,1,101,0.0059951000002911314,1.6602978000009898,1.6716656000025978,28.98519581130602,43.27884253996888,1.0,0.0,10000
measured,345,2,3,linear_combination,10000,numpy_native,,101,0.0,0.6371267000031366,0.6371267000031366,28.98519581130602,43.27884253996888,1.0,0.0,10000
measured,345,2,4,linear_combination,10000,python_reference,,101,0.0,0.7783011000028637,0.7783011000028637,28.98519581130601,43.278842539968764,1.0,0.0,10000
measured,346,21,1,discrete_mean,100000,dsl_full_w2,2,101,0.003068500001973007,1.9301620000005641,1.9379084000029252,17.023600000000002,61.23565539655396,1.0,0.0,100000
measured,346,21,2,discrete_mean,100000,dsl_full_w1,1,101,0.0033732999982021283,1.7034141000003729,1.7133995999975014,17.023600000000002,61.23565539655396,1.0,0.0,100000
measured,346,21,3,discrete_mean,100000,python_reference,,101,0.0,1.091278300002159,1.091278300002159,17.013400000000193,61.13883182831891,1.0,0.0,100000
measured,346,21,4,discrete_mean,100000,numpy_native,,101,0.0,0.6147472000011476,0.6147472000011476,17.0134,61.13883182831828,1.0,0.0,100000
measured,347,28,1,normal_mean,10000,numpy_native,,101,0.0,0.6389483000020846,0.6389483000020846,9.973087919767995,4.047907153268256,1.0,0.0,10000
measured,347,28,2,normal_mean,10000,dsl_full_w2,2,101,0.0034264000023540575,1.6879391000002215,1.6963195000025735,9.973087919767995,4.047907153268256,1.0,0.0,10000
measured,347,28,3,normal_mean,10000,dsl_full_w1,1,101,0.003542599999491358,1.6588210000008985,1.6666946000004828,9.973087919767995,4.047907153268256,1.0,0.0,10000
measured,347,28,4,normal_mean,10000,python_reference,,101,0.0,0.7814433999992616,0.7814433999992616,9.973087919767988,4.047907153268245,1.0,0.0,10000
measured,348,19,1,linear_combination,100000,dsl_full_w1,1,101,0.003836099996988196,1.725447400000121,1.7334398000020883,29.011803708660572,43.25939696591443,1.0,0.0,100000
measured,348,19,2,linear_combination,100000,dsl_full_w2,2,101,0.0038508999969053548,1.87778420000177,1.8895988999975089,29.011803708660572,43.25939696591443,1.0,0.0,100000
measured,348,19,3,linear_combination,100000,numpy_native,,101,0.0,0.6572196000015538,0.6572196000015538,29.054709565439364,42.978853962159384,1.0,0.0,100000
measured,348,19,4,linear_combination,100000,python_reference,,101,0.0,1.0896921999992628,1.0896921999992628,29.054709565439047,42.97885396215865,1.0,0.0,100000
measured,349,22,1,discrete_mean,10000,dsl_full_w2,2,101,0.00281860000177403,1.8456935999965935,1.8534428000020853,17.048,61.39183518351836,1.0,0.0,10000
measured,349,22,2,discrete_mean,10000,python_reference,,101,0.0,0.9172020000005432,0.9172020000005432,17.048000000000055,61.391835183518545,1.0,0.0,10000
measured,349,22,3,discrete_mean,10000,dsl_full_w1,1,101,0.0037145000023883767,1.661136599999736,1.6727535999998508,17.048,61.39183518351836,1.0,0.0,10000
measured,349,22,4,discrete_mean,10000,numpy_native,,101,0.0,0.636301700000331,0.636301700000331,17.048,61.39183518351836,1.0,0.0,10000
measured,350,20,1,discrete_mean,1000000,python_reference,,101,0.0,4.267973000001803,4.267973000001803,17.006179999999734,61.01470282230615,1.0,0.0,1000000
measured,350,20,2,discrete_mean,1000000,dsl_full_w2,2,101,0.002940499998658197,2.817084000002069,2.8268554999995104,17.006380000000004,61.0053003009003,1.0,0.0,1000000
measured,350,20,3,discrete_mean,1000000,dsl_full_w1,1,101,0.006253100000321865,2.553419199997734,2.5636856999990414,17.006380000000004,61.0053003009003,1.0,0.0,1000000
measured,350,20,4,discrete_mean,1000000,numpy_native,,101,0.0,0.7631891000019095,0.7631891000019095,17.00618,61.01470282230283,1.0,0.0,1000000
measured,351,30,1,discrete_mean,10000,numpy_native,,101,0.0,0.6422356000002765,0.6422356000002765,17.048,61.39183518351836,1.0,0.0,10000
measured,351,30,2,discrete_mean,10000,dsl_full_w1,1,101,0.0060024999984307215,1.5973921000004339,1.6075664999989385,17.048,61.39183518351836,1.0,0.0,10000
measured,351,30,3,discrete_mean,10000,python_reference,,101,0.0,0.778521100000944,0.778521100000944,17.048000000000055,61.391835183518545,1.0,0.0,10000
measured,351,30,4,discrete_mean,10000,dsl_full_w2,2,101,0.003357300000061514,1.673232299999654,1.6817010999984632,17.048,61.39183518351836,1.0,0.0,10000
measured,352,19,1,normal_mean,10000,numpy_native,,101,0.0,0.633011500001885,0.633011500001885,9.973087919767995,4.047907153268256,1.0,0.0,10000
measured,352,19,2,normal_mean,10000,dsl_full_w2,2,101,0.003315199999633478,1.6490553999974509,1.6570004999994126,9.973087919767995,4.047907153268256,1.0,0.0,10000
measured,352,19,3,normal_mean,10000,dsl_full_w1,1,101,0.005484499997692183,1.680590799998754,1.6901805000015884,9.973087919767995,4.047907153268256,1.0,0.0,10000
measured,352,19,4,normal_mean,10000,python_reference,,101,0.0,0.7642388000022038,0.7642388000022038,9.973087919767988,4.047907153268245,1.0,0.0,10000
measured,353,15,1,linear_combination,100000,python_reference,,101,0.0,1.0900704999985464,1.0900704999985464,29.054709565439047,42.97885396215865,1.0,0.0,100000
measured,353,15,2,linear_combination,100000,numpy_native,,101,0.0,0.633316499999637,0.633316499999637,29.054709565439364,42.978853962159384,1.0,0.0,100000
measured,353,15,3,linear_combination,100000,dsl_full_w1,1,101,0.006174199999804841,1.7032515999999305,1.71399300000121,29.011803708660572,43.25939696591443,1.0,0.0,100000
measured,353,15,4,linear_combination,100000,dsl_full_w2,2,101,0.0032862000007298775,1.949079999998503,1.9595321000015247,29.011803708660572,43.25939696591443,1.0,0.0,100000
measured,354,19,1,discrete_mean,10000,dsl_full_w1,1,101,0.003747299997485243,1.7517788000004657,1.7603151000002981,17.048,61.39183518351836,1.0,0.0,10000
measured,354,19,2,discrete_mean,10000,dsl_full_w2,2,101,0.0034223999973619357,1.653454999999667,1.6614463999976579,17.048,61.39183518351836,1.0,0.0,10000
measured,354,19,3,discrete_mean,10000,numpy_native,,101,0.0,0.6468090000016673,0.6468090000016673,17.048,61.39183518351836,1.0,0.0,10000
measured,354,19,4,discrete_mean,10000,python_reference,,101,0.0,0.7811754000031215,0.7811754000031215,17.048000000000055,61.391835183518545,1.0,0.0,10000
measured,355,3,1,uniform_mean,1000000,numpy_native,,101,0.0,0.7182530000027327,0.7182530000027327,5.0022763266460135,8.333521927837207,1.0,0.0,1000000
measured,355,3,2,uniform_mean,1000000,dsl_full_w1,1,101,0.003078300000197487,2.896257099997456,2.9037757999976748,5.002041273919748,8.328978121381377,1.0,0.0,1000000
measured,355,3,3,uniform_mean,1000000,python_reference,,101,0.0,4.208583600000566,4.208583600000566,5.002276326646218,8.333521927837188,1.0,0.0,1000000
measured,355,3,4,uniform_mean,1000000,dsl_full_w2,2,101,0.002673700000741519,3.143724799996562,3.154559499998868,5.002041273919748,8.328978121381377,1.0,0.0,1000000
measured,356,19,1,linear_combination,1000000,dsl_full_w1,1,101,0.006493699998827651,2.911567899998772,2.9221075999994355,29.007276012049047,43.032742732594755,1.0,0.0,1000000
measured,356,19,2,linear_combination,1000000,python_reference,,101,0.0,4.178694700000051,4.178694700000051,28.992951169665,42.944607065847144,1.0,0.0,1000000
measured,356,19,3,linear_combination,1000000,numpy_native,,101,0.0,0.7444246000013663,0.7444246000013663,28.99295116966434,42.9446070658461,1.0,0.0,1000000
measured,356,19,4,linear_combination,1000000,dsl_full_w2,2,101,0.003759100000024773,3.0781233999987307,3.086375200000475,29.007276012049047,43.032742732594755,1.0,0.0,1000000
measured,357,6,1,normal_mean,10000,dsl_full_w2,2,101,0.0030445000011241063,1.6728022000024794,1.6809610999989673,9.973087919767995,4.047907153268256,1.0,0.0,10000
measured,357,6,2,normal_mean,10000,numpy_native,,101,0.0,0.647951800001465,0.647951800001465,9.973087919767995,4.047907153268256,1.0,0.0,10000
measured,357,6,3,normal_mean,10000,python_reference,,101,0.0,0.7733303000022715,0.7733303000022715,9.973087919767988,4.047907153268245,1.0,0.0,10000
measured,357,6,4,normal_mean,10000,dsl_full_w1,1,101,0.005459500000142725,1.6581022000027588,1.6676973000030557,9.973087919767995,4.047907153268256,1.0,0.0,10000
measured,358,13,1,discrete_mean,100000,dsl_full_w2,2,101,0.003794100000959588,1.9275072000018554,1.93523610000193,17.023600000000002,61.23565539655396,1.0,0.0,100000
measured,358,13,2,discrete_mean,100000,dsl_full_w1,1,101,0.003531099999236176,1.7270104000017454,1.7352214999991702,17.023600000000002,61.23565539655396,1.0,0.0,100000
measured,358,13,3,discrete_mean,100000,python_reference,,101,0.0,1.104864599998109,1.104864599998109,17.013400000000193,61.13883182831891,1.0,0.0,100000
measured,358,13,4,discrete_mean,100000,numpy_native,,101,0.0,0.6265462000010302,0.6265462000010302,17.0134,61.13883182831828,1.0,0.0,100000
measured,359,28,1,uniform_mean,100000,python_reference,,101,0.0,1.098197399998753,1.098197399998753,5.004186247001891,8.336732359424765,1.0,0.0,100000
measured,359,28,2,uniform_mean,100000,dsl_full_w1,1,101,0.0028076000016881153,1.6766057000022556,1.6872565999983635,5.006012338679771,8.377145509510433,1.0,0.0,100000
measured,359,28,3,uniform_mean,100000,numpy_native,,101,0.0,0.6428763000003528,0.6428763000003528,5.004186247001897,8.336732359424687,1.0,0.0,100000
measured,359,28,4,uniform_mean,100000,dsl_full_w2,2,101,0.0031369999996968545,1.9355146999987483,1.945124499998201,5.006012338679771,8.377145509510433,1.0,0.0,100000
measured,360,22,1,linear_combination,10000,numpy_native,,101,0.0,0.6440196000003198,0.6440196000003198,28.98519581130602,43.27884253996888,1.0,0.0,10000
measured,360,22,2,linear_combination,10000,dsl_full_w1,1,101,0.0038349999995261896,1.6648983000013686,1.6728965000002063,28.98519581130602,43.27884253996888,1.0,0.0,10000
measured,360,22,3,linear_combination,10000,dsl_full_w2,2,101,0.007571699999971315,1.664663699997618,1.6766819000004034,28.98519581130602,43.27884253996888,1.0,0.0,10000
measured,360,22,4,linear_combination,10000,python_reference,,101,0.0,0.7730475999996997,0.7730475999996997,28.98519581130601,43.278842539968764,1.0,0.0,10000
measured,361,3,1,discrete_mean,100000,dsl_full_w2,2,101,0.003892600001563551,1.9146934999989753,1.9225796999999147,17.023600000000002,61.23565539655396,1.0,0.0,100000
measured,361,3,2,discrete_mean,100000,numpy_native,,101,0.0,0.6544360000007146,0.6544360000007146,17.0134,61.13883182831828,1.0,0.0,100000
measured,361,3,3,discrete_mean,100000,python_reference,,101,0.0,1.0903637999981584,1.0903637999981584,17.013400000000193,61.13883182831891,1.0,0.0,100000
measured,361,3,4,discrete_mean,100000,dsl_full_w1,1,101,0.0028109999984735623,1.6608280000000377,1.6685097000008682,17.023600000000002,61.23565539655396,1.0,0.0,100000
measured,362,17,1,normal_mean,1000000,dsl_full_w2,2,101,0.002981900001032045,3.2115615000002435,3.2228321000002325,10.00147606400736,4.01354213519083,1.0,0.0,1000000
measured,362,17,2,normal_mean,1000000,dsl_full_w1,1,101,0.005715899998904206,2.9974699999984296,3.0078141999983927,10.00147606400736,4.01354213519083,1.0,0.0,1000000
measured,362,17,3,normal_mean,1000000,python_reference,,101,0.0,4.1646271999998135,4.1646271999998135,9.999605792813405,3.9957119793355207,1.0,0.0,1000000
measured,362,17,4,normal_mean,1000000,numpy_native,,101,0.0,0.7209251999993285,0.7209251999993285,9.999605792812769,3.9957119793354225,1.0,0.0,1000000
measured,363,14,1,normal_mean,1000000,dsl_full_w1,1,101,0.003120099998341175,2.9631875999984914,2.971434799997951,10.00147606400736,4.01354213519083,1.0,0.0,1000000
measured,363,14,2,normal_mean,1000000,dsl_full_w2,2,101,0.0030740000001969747,3.1202680000023975,3.1307323000000906,10.00147606400736,4.01354213519083,1.0,0.0,1000000
measured,363,14,3,normal_mean,1000000,python_reference,,101,0.0,4.232117900002777,4.232117900002777,9.999605792813405,3.9957119793355207,1.0,0.0,1000000
measured,363,14,4,normal_mean,1000000,numpy_native,,101,0.0,0.708855400000175,0.708855400000175,9.999605792812769,3.9957119793354225,1.0,0.0,1000000
measured,364,25,1,discrete_mean,10000,numpy_native,,101,0.0,0.6295488999967347,0.6295488999967347,17.048,61.39183518351836,1.0,0.0,10000
measured,364,25,2,discrete_mean,10000,dsl_full_w2,2,101,0.005894599999010097,1.6584591999999247,1.6686530000006314,17.048,61.39183518351836,1.0,0.0,10000
measured,364,25,3,discrete_mean,10000,python_reference,,101,0.0,0.7825607000013406,0.7825607000013406,17.048000000000055,61.391835183518545,1.0,0.0,10000
measured,364,25,4,discrete_mean,10000,dsl_full_w1,1,101,0.0050902000002679415,1.6660445999987132,1.6801102999997966,17.048,61.39183518351836,1.0,0.0,10000
measured,365,12,1,linear_combination,10000,dsl_full_w1,1,101,0.0037162000007811002,1.6860076000011759,1.6943786999981967,28.98519581130602,43.27884253996888,1.0,0.0,10000
measured,365,12,2,linear_combination,10000,python_reference,,101,0.0,0.7838822999983677,0.7838822999983677,28.98519581130601,43.278842539968764,1.0,0.0,10000
measured,365,12,3,linear_combination,10000,dsl_full_w2,2,101,0.0035501000020303763,1.6601938999992853,1.6680040000028384,28.98519581130602,43.27884253996888,1.0,0.0,10000
measured,365,12,4,linear_combination,10000,numpy_native,,101,0.0,0.613651799998479,0.613651799998479,28.98519581130602,43.27884253996888,1.0,0.0,10000
measured,366,18,1,normal_mean,10000,python_reference,,101,0.0,0.7295586000000185,0.7295586000000185,9.973087919767988,4.047907153268245,1.0,0.0,10000
measured,366,18,2,normal_mean,10000,numpy_native,,101,0.0,0.6344935000015539,0.6344935000015539,9.973087919767995,4.047907153268256,1.0,0.0,10000
measured,366,18,3,normal_mean,10000,dsl_full_w2,2,101,0.0036832000005233567,1.695296400001098,1.7030453000006673,9.973087919767995,4.047907153268256,1.0,0.0,10000
measured,366,18,4,normal_mean,10000,dsl_full_w1,1,101,0.0034331999995629303,1.6720234999993409,1.6800312000013946,9.973087919767995,4.047907153268256,1.0,0.0,10000
measured,367,24,1,discrete_mean,100000,numpy_native,,101,0.0,0.6565697000005457,0.6565697000005457,17.0134,61.13883182831828,1.0,0.0,100000
measured,367,24,2,discrete_mean,100000,python_reference,,101,0.0,1.1883960000013758,1.1883960000013758,17.013400000000193,61.13883182831891,1.0,0.0,100000
measured,367,24,3,discrete_mean,100000,dsl_full_w1,1,101,0.002891699998144759,1.7091675000010582,1.7172548999988066,17.023600000000002,61.23565539655396,1.0,0.0,100000
measured,367,24,4,discrete_mean,100000,dsl_full_w2,2,101,0.003766199999517994,1.946836400002212,1.9546711000002688,17.023600000000002,61.23565539655396,1.0,0.0,100000
measured,368,14,1,discrete_mean,10000,dsl_full_w1,1,101,0.006939599999896018,1.6755947999990894,1.6867939999974624,17.048,61.39183518351836,1.0,0.0,10000
measured,368,14,2,discrete_mean,10000,python_reference,,101,0.0,0.7738986000003933,0.7738986000003933,17.048000000000055,61.391835183518545,1.0,0.0,10000
measured,368,14,3,discrete_mean,10000,dsl_full_w2,2,101,0.0036691000022983644,1.6783880000002682,1.6896052000010968,17.048,61.39183518351836,1.0,0.0,10000
measured,368,14,4,discrete_mean,10000,numpy_native,,101,0.0,0.6323933000021498,0.6323933000021498,17.048,61.39183518351836,1.0,0.0,10000
measured,369,1,1,normal_mean,100000,dsl_full_w1,1,101,0.003192500000295695,2.2458458000000974,2.2534499000030337,10.008957229893548,4.0138725928769645,1.0,0.0,100000
measured,369,1,2,normal_mean,100000,python_reference,,101,0.0,1.084990999999718,1.084990999999718,10.003732736712168,4.014955342619971,1.0,0.0,100000
measured,369,1,3,normal_mean,100000,numpy_native,,101,0.0,0.6256794999972044,0.6256794999972044,10.00373273671223,4.014955342619993,1.0,0.0,100000
measured,369,1,4,normal_mean,100000,dsl_full_w2,2,101,0.003209800001059193,1.942477599997801,1.9501267000014195,10.008957229893548,4.0138725928769645,1.0,0.0,100000
measured,370,23,1,linear_combination,10000,dsl_full_w1,1,101,0.003602400000090711,1.645209000002069,1.657525099999475,28.98519581130602,43.27884253996888,1.0,0.0,10000
measured,370,23,2,linear_combination,10000,dsl_full_w2,2,101,0.004239900001266506,1.6614938999991864,1.6699251000027289,28.98519581130602,43.27884253996888,1.0,0.0,10000
measured,370,23,3,linear_combination,10000,python_reference,,101,0.0,0.7847610999997414,0.7847610999997414,28.98519581130601,43.278842539968764,1.0,0.0,10000
measured,370,23,4,linear_combination,10000,numpy_native,,101,0.0,0.6508522000003722,0.6508522000003722,28.98519581130602,43.27884253996888,1.0,0.0,10000
measured,371,21,1,uniform_mean,10000,python_reference,,101,0.0,0.7782407000013336,0.7782407000013336,5.009158303096424,8.442724596701998,1.0,0.0,10000
measured,371,21,2,uniform_mean,10000,dsl_full_w1,1,101,0.003255100000387756,1.6554618999980448,1.664174900000944,5.009158303096408,8.442724596701995,1.0,0.0,10000
measured,371,21,3,uniform_mean,10000,dsl_full_w2,2,101,0.0037030000021331944,1.6862087000008614,1.6961957000021357,5.009158303096408,8.442724596701995,1.0,0.0,10000
measured,371,21,4,uniform_mean,10000,numpy_native,,101,0.0,0.6378543999999238,0.6378543999999238,5.009158303096408,8.442724596701995,1.0,0.0,10000
measured,372,13,1,uniform_mean,1000000,python_reference,,101,0.0,4.141406099999585,4.141406099999585,5.002276326646218,8.333521927837188,1.0,0.0,1000000
measured,372,13,2,uniform_mean,1000000,dsl_full_w2,2,101,0.0031583000018144958,3.1677907000012056,3.175604000000021,5.002041273919748,8.328978121381377,1.0,0.0,1000000
measured,372,13,3,uniform_mean,1000000,numpy_native,,101,0.0,0.7287501000027987,0.7287501000027987,5.0022763266460135,8.333521927837207,1.0,0.0,1000000
measured,372,13,4,uniform_mean,1000000,dsl_full_w1,1,101,0.0031785999999556225,2.927622799998062,2.9357935000007274,5.002041273919748,8.328978121381377,1.0,0.0,1000000
measured,373,23,1,linear_combination,100000,dsl_full_w1,1,101,0.0035315999994054437,1.7115716000007524,1.7197501999980886,29.011803708660572,43.25939696591443,1.0,0.0,100000
measured,373,23,2,linear_combination,100000,python_reference,,101,0.0,1.106623400002718,1.106623400002718,29.054709565439047,42.97885396215865,1.0,0.0,100000
measured,373,23,3,linear_combination,100000,numpy_native,,101,0.0,0.6261106000019936,0.6261106000019936,29.054709565439364,42.978853962159384,1.0,0.0,100000
measured,373,23,4,linear_combination,100000,dsl_full_w2,2,101,0.006360600000334671,1.9958169999990787,2.006227299996681,29.011803708660572,43.25939696591443,1.0,0.0,100000
measured,374,9,1,normal_mean,10000,dsl_full_w1,1,101,0.00304360000154702,1.6741232999993372,1.6819127999988268,9.973087919767995,4.047907153268256,1.0,0.0,10000
measured,374,9,2,normal_mean,10000,python_reference,,101,0.0,0.7831829999995534,0.7831829999995534,9.973087919767988,4.047907153268245,1.0,0.0,10000
measured,374,9,3,normal_mean,10000,numpy_native,,101,0.0,0.6397964999996475,0.6397964999996475,9.973087919767995,4.047907153268256,1.0,0.0,10000
measured,374,9,4,normal_mean,10000,dsl_full_w2,2,101,0.0056370999991486315,1.6523449999986042,1.6620399999992514,9.973087919767995,4.047907153268256,1.0,0.0,10000
measured,375,30,1,discrete_mean,1000000,dsl_full_w1,1,101,0.0059844999996130355,2.419875100000354,2.4299823000001197,17.006380000000004,61.0053003009003,1.0,0.0,1000000
measured,375,30,2,discrete_mean,1000000,numpy_native,,101,0.0,0.7611213000018324,0.7611213000018324,17.00618,61.01470282230283,1.0,0.0,1000000
measured,375,30,3,discrete_mean,1000000,python_reference,,101,0.0,4.277440099998785,4.277440099998785,17.006179999999734,61.01470282230615,1.0,0.0,1000000
measured,375,30,4,discrete_mean,1000000,dsl_full_w2,2,101,0.005662899999151705,2.768697499999689,2.778549300001032,17.006380000000004,61.0053003009003,1.0,0.0,1000000
measured,376,11,1,normal_mean,1000000,numpy_native,,101,0.0,0.7610048999995342,0.7610048999995342,9.999605792812769,3.9957119793354225,1.0,0.0,1000000
measured,376,11,2,normal_mean,1000000,dsl_full_w2,2,101,0.003861100001813611,3.234750299998268,3.2427463000021817,10.00147606400736,4.01354213519083,1.0,0.0,1000000
measured,376,11,3,normal_mean,1000000,dsl_full_w1,1,101,0.002960400001029484,2.8781221999997797,2.885260899998684,10.00147606400736,4.01354213519083,1.0,0.0,1000000
measured,376,11,4,normal_mean,1000000,python_reference,,101,0.0,4.164199500002724,4.164199500002724,9.999605792813405,3.9957119793355207,1.0,0.0,1000000
measured,377,11,1,discrete_mean,100000,numpy_native,,101,0.0,0.6305216000000655,0.6305216000000655,17.0134,61.13883182831828,1.0,0.0,100000
measured,377,11,2,discrete_mean,100000,dsl_full_w1,1,101,0.003294799997092923,1.6873021999999764,1.6962594000033278,17.023600000000002,61.23565539655396,1.0,0.0,100000
measured,377,11,3,discrete_mean,100000,dsl_full_w2,2,101,0.004419500000949483,1.9495662000008451,1.9579427999997279,17.023600000000002,61.23565539655396,1.0,0.0,100000
measured,377,11,4,discrete_mean,100000,python_reference,,101,0.0,1.0588544999991427,1.0588544999991427,17.013400000000193,61.13883182831891,1.0,0.0,100000
measured,378,28,1,normal_mean,100000,dsl_full_w1,1,101,0.00294949999806704,1.676818899999489,1.6869987999998557,10.008957229893548,4.0138725928769645,1.0,0.0,100000
measured,378,28,2,normal_mean,100000,python_reference,,101,0.0,1.087063599999965,1.087063599999965,10.003732736712168,4.014955342619971,1.0,0.0,100000
measured,378,28,3,normal_mean,100000,numpy_native,,101,0.0,0.6163681999969413,0.6163681999969413,10.00373273671223,4.014955342619993,1.0,0.0,100000
measured,378,28,4,normal_mean,100000,dsl_full_w2,2,101,0.0036466000019572675,1.9679972999983875,1.9771957000011753,10.008957229893548,4.0138725928769645,1.0,0.0,100000
measured,379,6,1,linear_combination,100000,numpy_native,,101,0.0,0.6555971000016143,0.6555971000016143,29.054709565439364,42.978853962159384,1.0,0.0,100000
measured,379,6,2,linear_combination,100000,python_reference,,101,0.0,1.0846498999999312,1.0846498999999312,29.054709565439047,42.97885396215865,1.0,0.0,100000
measured,379,6,3,linear_combination,100000,dsl_full_w2,2,101,0.003067500001634471,1.910287500002596,1.919648099999904,29.011803708660572,43.25939696591443,1.0,0.0,100000
measured,379,6,4,linear_combination,100000,dsl_full_w1,1,101,0.003973499999119667,1.7094292000001587,1.7176145000012184,29.011803708660572,43.25939696591443,1.0,0.0,100000
measured,380,25,1,linear_combination,100000,numpy_native,,101,0.0,0.667730399996799,0.667730399996799,29.054709565439364,42.978853962159384,1.0,0.0,100000
measured,380,25,2,linear_combination,100000,dsl_full_w1,1,101,0.0037643000032403506,1.7237260000001697,1.7322266000010131,29.011803708660572,43.25939696591443,1.0,0.0,100000
measured,380,25,3,linear_combination,100000,dsl_full_w2,2,101,0.0037365000025602058,1.9286109999993641,1.93987190000189,29.011803708660572,43.25939696591443,1.0,0.0,100000
measured,380,25,4,linear_combination,100000,python_reference,,101,0.0,1.0448929000012868,1.0448929000012868,29.054709565439047,42.97885396215865,1.0,0.0,100000
measured,381,21,1,discrete_mean,10000,numpy_native,,101,0.0,0.6105409000010695,0.6105409000010695,17.048,61.39183518351836,1.0,0.0,10000
measured,381,21,2,discrete_mean,10000,dsl_full_w1,1,101,0.00412260000302922,1.6990011000016239,1.7102424999975483,17.048,61.39183518351836,1.0,0.0,10000
measured,381,21,3,discrete_mean,10000,python_reference,,101,0.0,0.7826924000000872,0.7826924000000872,17.048000000000055,61.391835183518545,1.0,0.0,10000
measured,381,21,4,discrete_mean,10000,dsl_full_w2,2,101,0.003282700003182981,1.7835955000009562,1.7913493999985803,17.048,61.39183518351836,1.0,0.0,10000
measured,382,18,1,uniform_mean,100000,python_reference,,101,0.0,1.383791399999609,1.383791399999609,5.004186247001891,8.336732359424765,1.0,0.0,100000
measured,382,18,2,uniform_mean,100000,dsl_full_w2,2,101,0.0027074999998148996,1.91895349999686,1.9286666000007244,5.006012338679771,8.377145509510433,1.0,0.0,100000
measured,382,18,3,uniform_mean,100000,dsl_full_w1,1,101,0.0024420000008831266,1.6915153000009013,1.6990542999992613,5.006012338679771,8.377145509510433,1.0,0.0,100000
measured,382,18,4,uniform_mean,100000,numpy_native,,101,0.0,0.6432558000014978,0.6432558000014978,5.004186247001897,8.336732359424687,1.0,0.0,100000
measured,383,29,1,discrete_mean,10000,dsl_full_w1,1,101,0.0033808000007411465,1.674996400000964,1.6830874000006588,17.048,61.39183518351836,1.0,0.0,10000
measured,383,29,2,discrete_mean,10000,dsl_full_w2,2,101,0.004123400001844857,1.6867607999993197,1.6952459000021918,17.048,61.39183518351836,1.0,0.0,10000
measured,383,29,3,discrete_mean,10000,python_reference,,101,0.0,0.7609677000000374,0.7609677000000374,17.048000000000055,61.391835183518545,1.0,0.0,10000
measured,383,29,4,discrete_mean,10000,numpy_native,,101,0.0,0.6472719000012148,0.6472719000012148,17.048,61.39183518351836,1.0,0.0,10000
measured,384,25,1,discrete_mean,100000,python_reference,,101,0.0,1.7775006999981997,1.7775006999981997,17.013400000000193,61.13883182831891,1.0,0.0,100000
measured,384,25,2,discrete_mean,100000,dsl_full_w2,2,101,0.0028739000008499715,1.9034939000011946,1.9112430999994103,17.023600000000002,61.23565539655396,1.0,0.0,100000
measured,384,25,3,discrete_mean,100000,dsl_full_w1,1,101,0.0040969999972730875,1.694836499998928,1.7030384999998205,17.023600000000002,61.23565539655396,1.0,0.0,100000
measured,384,25,4,discrete_mean,100000,numpy_native,,101,0.0,0.6962777999979153,0.6962777999979153,17.0134,61.13883182831828,1.0,0.0,100000
